1,Mercedes-Benz,SA,left
2,Hyundai,LI,right
3,Volv,TV,right
4,Land Rover,NZ,right
5,Audi,PS,left
6,BMW,MR,right
7,Suzuki,CR,left
8,Chery,CM,left
9,Kia,VC,left
10,Porsche,NR,right
11,Nissan,BG,left
12,Chevrolet,CV,left
13,BMW,BN,right
14,Suzuki,KR,right
15,Land Rover,JO,left
16,Opel,GB,left
17,Ford,TD,right
18,BMW,GE,left
19,Daewoo,AD,right
20,Renault,BN,right
21,Audi,IR,left
22,Honda,SO,left
23,Honda,TO,left
24,Daewoo,MZ,right
25,Volkswagen,ZM,left
26,Mitsubishi,AO,left
27,Chevrolet,BR,left
28,Lexus,BD,right
29,Renault,NL,right
30,Daewoo,GH,right
31,Daewoo,RU,left
32,Ford,KW,left
33,Mercedes-Benz,RW,right
34,Land Rover,KI,right
35,Lexus,PS,right
36,Honda,MC,right
37,Nissan,TH,left
38,Renault,LY,left
39,Mitsubishi,UA,right
40,Suzuki,AR,right
41,Subaru,LB,right
42,LADA,LC,left
43,Daewoo,MW,left
44,Peugeot,RO,right
45,Ford,MY,left
46,Chery,EE,left
47,Daewoo,AO,right
48,BMW,DZ,right
49,Porsche,CR,right
50,Honda,QA,left
51,Kia,SB,left
52,Subaru,HR,left
53,Honda,GY,left
54,Mitsubishi,ZM,left
55,Mercedes-Benz,PS,right
56,Peugeot,TR,left
57,Land Rover,UA,right
58,Mazda,UY,right
59,Renault,KP,left
60,Mitsubishi,AT,right
61,BMW,AU,right
62,Subaru,BT,left
63,Mitsubishi,BG,left
64,Renault,RO,left
65,Citroen,VC,left
66,Ford,NR,right
67,Infiniti,PH,left
68,Volv,TW,left
69,Land Rover,CL,left
70,Chevrolet,LB,left
71,Hyundai,LK,right
72,LADA,WS,right
73,Audi,MU,right
74,Ford,IR,right
75,BMW,PK,right
76,Mercedes-Benz,CU,left
77,Mazda,LA,left
78,Renault,NZ,left
79,Land Rover,MW,left
80,Daewoo,ZM,right
81,Audi,PA,right
82,Skoda,LA,left
83,Hyundai,SO,left
84,Honda,ET,left
85,Renault,GM,left
86,Suzuki,MU,left
87,Infiniti,WS,right
88,Opel,SA,right
89,Mazda,HR,right
90,LADA,KN,left
91,Ford,CM,right
92,Land Rover,AT,left
93,Kia,GR,right
94,Volkswagen,CZ,right
95,Infiniti,IN,right
96,Daewoo,IS,right
97,Kia,NP,right
98,Audi,EE,right
99,Nissan,DJ,right
100,Renault,TH,left
101,Lexus,KE,right
102,Nissan,WS,left
103,Peugeot,LV,left
104,Mercedes-Benz,TH,left
105,Volkswagen,HU,left
106,Mazda,BT,right
107,BMW,PW,left
108,Skoda,NP,right
109,Citroen,JP,left
110,Peugeot,NI,right
111,BMW,NE,left
112,Porsche,LR,left
113,Subaru,ER,left
114,Opel,KZ,left
115,Renault,SN,right
116,Hyundai,HU,right
117,Suzuki,MC,right
118,Land Rover,PL,left
119,BMW,BA,left
120,Subaru,KW,right
121,Renault,HT,left
122,Nissan,TM,left
123,Suzuki,MA,left
124,Hyundai,BG,left
125,Kia,UY,left
126,Subaru,TV,right
127,Chevrolet,BR,right
128,Chevrolet,CL,left
129,Kia,TZ,left
130,Toyota,GH,right
131,Lexus,SK,right
132,Lexus,LC,right
133,Skoda,MA,right
134,Renault,CR,left
135,Daewoo,CM,right
136,Ford,LT,left
137,Daewoo,FM,left
138,Mercedes-Benz,CU,left
139,Mercedes-Benz,DM,left
140,Subaru,KN,right
141,BMW,HR,right
142,Land Rover,FJ,right
143,Infiniti,NO,right
144,Kia,CM,left
145,Peugeot,MA,right
146,Toyota,TN,left
147,Infiniti,HU,left
148,Nissan,KP,right
149,BMW,RO,left
150,Skoda,IR,right
151,Volv,ZW,right
152,Chery,PY,left
153,Hyundai,UA,right
154,Honda,LK,left
155,Mitsubishi,TN,left
156,Opel,IQ,left
157,Chery,KI,left
158,Toyota,CZ,left
159,Subaru,BH,left
160,Mercedes-Benz,NE,right
161,Toyota,GQ,right
162,LADA,NO,left
163,Renault,KP,left
164,Mercedes-Benz,DE,right
165,Citroen,DO,right
166,Peugeot,BS,left
167,Honda,ZW,right
168,Volkswagen,ST,left
169,Lexus,BY,left
170,Mazda,NL,left
171,Mazda,TN,left
172,Skoda,SK,left
173,Audi,BI,left
174,Kia,SE,right
175,Opel,VU,right
176,Mazda,ML,left
177,Mercedes-Benz,PW,left
178,Skoda,AO,left
179,Volv,FI,left
180,Chery,TG,left
181,Suzuki,ES,right
182,Daewoo,AE,left
183,Mazda,VC,left
184,Land Rover,MV,left
185,Renault,AU,right
186,Skoda,UZ,right
187,Mitsubishi,VA,right
188,Porsche,KG,right
189,Opel,SE,left
190,Audi,RW,right
191,Toyota,SI,right
192,Skoda,TD,right
193,Daewoo,IR,left
194,Honda,CD,left
195,Mitsubishi,NP,right
196,Hyundai,DO,right
197,Hyundai,MX,right
198,Hyundai,AO,right
199,Volv,AU,left
200,Chery,KE,left
201,Nissan,AE,left
202,Hyundai,DM,left
203,Skoda,UA,left
204,Citroen,US,left
205,Audi,PE,right
206,LADA,PT,left
207,Chevrolet,LI,right
208,Volkswagen,TO,right
209,Volkswagen,PT,right
210,Mazda,VN,right
211,Infiniti,CO,right
212,Ford,GM,left
213,Opel,TL,right
214,Chevrolet,SD,left
215,Opel,CD,right
216,Volv,BJ,right
217,Nissan,HU,left
218,Hyundai,BW,left
219,Chevrolet,MA,left
220,Suzuki,GD,left
221,Nissan,TN,left
222,Honda,CM,left
223,LADA,CL,right
224,Subaru,ZM,left
225,Mercedes-Benz,NG,right
226,Mitsubishi,MA,right
227,LADA,DJ,right
228,Opel,TZ,left
229,Mazda,TN,right
230,Citroen,CU,left
231,Citroen,SB,left
232,Peugeot,AZ,right
233,Mazda,CI,right
234,Chevrolet,TO,right
235,Opel,NG,left
236,Renault,LT,left
237,Chery,GA,left
238,Skoda,MC,right
239,Citroen,US,left
240,LADA,CL,left
241,BMW,BE,right
242,Daewoo,MA,left
243,Infiniti,CV,left
244,Skoda,TV,right
245,Infiniti,KM,right
246,LADA,GY,right
247,Kia,NP,right
248,LADA,ME,left
249,Citroen,AU,left
250,Chery,GA,right
251,Infiniti,NE,right
252,Daewoo,SL,right
253,Infiniti,IS,left
254,Infiniti,FM,right
255,Kia,HN,right
256,Volkswagen,ZA,right
257,Porsche,TD,left
258,Lexus,TN,right
259,Hyundai,PK,right
260,Mazda,AL,left
261,Mazda,NL,left
262,Land Rover,PL,left
263,Nissan,ZW,left
264,Lexus,NG,right
265,Toyota,CY,right
266,Subaru,KR,right
267,Honda,ID,left
268,Mitsubishi,PW,right
269,Chery,NO,left
270,BMW,KI,left
271,Citroen,BH,right
272,Lexus,PA,left
273,Volv,SV,right
274,Kia,GN,left
275,Volv,ID,right
276,LADA,BY,right
277,Ford,NG,left
278,Chery,GH,right
279,Nissan,DZ,right
280,Audi,IR,left
281,Skoda,TG,left
282,LADA,TN,right
283,Mitsubishi,UY,left
284,Citroen,IQ,right
285,Hyundai,QA,left
286,Renault,PE,right
287,Toyota,PW,left
288,Infiniti,RU,right
289,Land Rover,UY,right
290,Suzuki,FI,left
291,Toyota,CH,right
292,Citroen,NI,right
293,Kia,ME,left
294,Toyota,MZ,left
295,Mercedes-Benz,TN,left
296,Lexus,MD,left
297,LADA,PE,left
298,Chery,NR,right
299,Land Rover,ZM,left
300,Land Rover,AD,right
301,Citroen,KI,right
302,Mercedes-Benz,CU,left
303,Infiniti,VC,right
304,Mitsubishi,YE,left
305,Chevrolet,NO,left
306,Opel,MD,right
307,LADA,NR,left
308,Toyota,LY,left
309,Kia,AD,left
310,Kia,NZ,left
311,Mercedes-Benz,GD,right
312,Porsche,SK,left
313,Chevrolet,AM,left
314,Kia,LY,right
315,Kia,BN,left
316,Volv,SZ,right
317,Nissan,LS,right
318,Kia,RS,left
319,Toyota,PA,right
320,Volv,ME,left
321,Nissan,TD,right
322,Infiniti,MV,right
323,LADA,PT,left
324,Kia,BZ,right
325,LADA,KE,right
326,Audi,ER,left
327,Hyundai,VA,right
328,Ford,TG,right
329,Infiniti,FI,left
330,Daewoo,YE,right
331,Hyundai,PK,left
332,Subaru,MU,right
333,Land Rover,UZ,right
334,Skoda,ER,left
335,Volv,NA,left
336,Volv,RU,left
337,Subaru,PH,left
338,Skoda,MW,left
339,Honda,SA,right
340,Mazda,FR,left
341,Toyota,IS,right
342,Lexus,SB,left
343,Skoda,GD,right
344,Land Rover,SG,right
345,Infiniti,ST,left
346,Opel,CO,left
347,Hyundai,CU,left
348,Suzuki,RO,left
349,Porsche,GQ,left
350,Mitsubishi,CR,right
351,Mercedes-Benz,DO,right
352,Ford,MR,right
353,Volv,KM,right
354,BMW,BY,left
355,Renault,BS,right
356,Citroen,EC,left
357,Ford,IR,left
358,Skoda,MY,left
359,Nissan,NP,right
360,Daewoo,DE,left
361,Lexus,AU,left
362,Subaru,IS,left
363,Mazda,NI,right
364,LADA,DK,right
365,Mercedes-Benz,AL,right
366,Chery,TJ,left
367,Mitsubishi,SE,left
368,Kia,MZ,right
369,Suzuki,FJ,left
370,Volkswagen,MK,left
371,Chery,CR,right
372,Opel,LS,right
373,Lexus,GA,right
374,Peugeot,GB,left
375,Renault,LY,left
376,Chevrolet,AZ,right
377,Renault,IQ,right
378,Kia,LK,left
379,Toyota,TG,right
380,Opel,AG,right
381,Chery,BR,right
382,Mazda,MA,left
383,Subaru,AG,left
384,Peugeot,SD,right
385,Renault,KN,right
386,Honda,LY,left
387,Honda,SO,left
388,Opel,HU,right
389,Land Rover,NI,right
390,Ford,MK,right
391,Ford,AM,left
392,Suzuki,FI,right
393,Lexus,TM,left
394,Chevrolet,TN,right
395,Land Rover,CN,left
396,Land Rover,AD,right
397,Lexus,PG,right
398,Chevrolet,DK,left
399,Kia,BO,right
400,Kia,SM,left
401,Mercedes-Benz,IL,right
402,Honda,GQ,right
403,Mitsubishi,SG,right
404,Volkswagen,BH,left
405,Skoda,CR,right
406,Hyundai,CM,left
407,Volkswagen,PG,left
408,Chery,LU,right
409,Opel,GH,left
410,Peugeot,NA,left
411,Porsche,KG,left
412,Toyota,FM,right
413,Honda,TH,left
414,Chery,CL,right
415,Daewoo,ES,right
416,Infiniti,KM,right
417,LADA,CI,right
418,Chery,NP,left
419,Land Rover,BZ,right
420,Chery,TR,right
421,Honda,HR,left
422,Kia,RS,left
423,Kia,CR,right
424,Opel,BW,right
425,Subaru,IL,left
426,Lexus,EC,left
427,Porsche,DE,right
428,Subaru,FJ,right
429,Renault,ER,left
430,Honda,CU,right
431,Porsche,BH,right
432,Skoda,AL,right
433,Land Rover,ER,right
434,Nissan,MM,right
435,Citroen,NO,left
436,Citroen,GN,right
437,Skoda,KE,right
438,Skoda,TL,right
439,Land Rover,RO,left
440,Chevrolet,TR,left
441,Chery,BW,right
442,Volv,KG,right
443,Mercedes-Benz,TO,right
444,Ford,MU,right
445,Toyota,LU,right
446,Lexus,KI,left
447,Volv,ER,left
448,Mazda,UA,right
449,Citroen,LR,right
450,Mitsubishi,TW,left
451,Peugeot,TH,right
452,Ford,TZ,left
453,Land Rover,LV,left
454,Subaru,PE,right
455,Mercedes-Benz,MH,right
456,Mazda,IL,right
457,Suzuki,JO,right
458,Ford,AU,right
459,Peugeot,VU,left
460,Skoda,ST,left
461,Volkswagen,VC,left
462,Honda,PH,left
463,LADA,GW,left
464,Ford,PE,left
465,Skoda,SR,left
466,Chery,NE,left
467,BMW,TR,right
468,Citroen,AG,left
469,Chevrolet,ET,left
470,Mercedes-Benz,BT,right
471,Daewoo,TW,left
472,Lexus,GH,left
473,Honda,IQ,right
474,Kia,KP,right
475,Lexus,IT,right
476,Subaru,KH,right
477,Porsche,AG,left
478,Volkswagen,TH,left
479,Mercedes-Benz,BI,right
480,Opel,TV,right
481,Skoda,IN,right
482,Peugeot,BA,left
483,Citroen,ML,right
484,Ford,SY,right
485,Mitsubishi,PE,left
486,Chery,BG,right
487,Honda,TZ,left
488,Ford,AR,right
489,Opel,EG,left
490,Toyota,MZ,left
491,Ford,MH,left
492,Mazda,MD,left
493,Porsche,SA,left
494,LADA,DZ,right
495,Chevrolet,MG,right
496,Subaru,CL,right
497,Ford,JP,left
498,Opel,BR,right
499,Mitsubishi,MN,left
500,Honda,VA,right
501,Daewoo,IQ,right
502,Subaru,ZW,left
503,Infiniti,LS,right
504,Mazda,NG,right
505,Volv,ZW,left
506,Suzuki,LS,right
507,Lexus,CF,left
508,Volv,SZ,left
509,Renault,CA,left
510,Opel,ME,left
511,Ford,SE,right
512,LADA,HT,right
513,BMW,HU,left
514,Volkswagen,DJ,right
515,Suzuki,MK,left
516,Mazda,MY,right
517,Hyundai,LR,left
518,Subaru,BS,right
519,Nissan,MU,left
520,LADA,BI,left
521,Mitsubishi,GE,left
522,Chevrolet,ER,right
523,Mitsubishi,GB,left
524,Mitsubishi,HT,right
525,BMW,NO,left
526,Kia,AE,left
527,Peugeot,GA,left
528,Honda,AM,right
529,Infiniti,DO,right
530,Skoda,SE,left
531,Subaru,TT,right
532,Mazda,KM,left
533,Audi,LS,right
534,BMW,ID,left
535,BMW,CL,left
536,Suzuki,MU,left
537,Kia,SN,left
538,Lexus,BH,left
539,Daewoo,SD,left
540,Hyundai,IN,left
541,Mitsubishi,CG,right
542,Mazda,LR,right
543,BMW,NO,right
544,Opel,TO,left
545,LADA,BT,right
546,Skoda,SK,right
547,Mitsubishi,DE,left
548,Infiniti,PW,right
549,Honda,LI,right
550,Ford,CN,right
551,Chevrolet,DO,left
552,Infiniti,TW,left
553,Opel,SL,right
554,BMW,AM,right
555,Skoda,NR,right
556,Citroen,PG,left
557,Opel,VE,left
558,Infiniti,US,right
559,Opel,VC,right
560,Subaru,GY,left
561,Audi,KH,right
562,Infiniti,NA,left
563,Volkswagen,MY,right
564,Chevrolet,KI,right
565,Chevrolet,SL,left
566,Skoda,BH,right
567,Kia,VC,right
568,Suzuki,LV,left
569,Volv,JM,right
570,Skoda,GQ,right
571,Suzuki,RS,left
572,Skoda,KW,right
573,Mitsubishi,TG,left
574,Opel,ID,right
575,Land Rover,TH,right
576,Honda,ES,right
577,Hyundai,LB,left
578,Mitsubishi,TW,left
579,Infiniti,BW,left
580,Subaru,IQ,left
581,Ford,KM,right
582,Mercedes-Benz,SM,left
583,Toyota,SD,right
584,Honda,CD,left
585,Mazda,GM,right
586,Honda,TL,left
587,Volkswagen,BD,left
588,Land Rover,PE,left
589,Daewoo,IN,left
590,Land Rover,SZ,left
591,Subaru,BZ,right
592,Hyundai,SA,right
593,Kia,CD,right
594,Porsche,LY,right
595,Hyundai,TZ,left
596,Lexus,SZ,left
597,Mercedes-Benz,CH,left
598,Chery,MU,right
599,Honda,IS,left
600,Opel,SB,left
601,Toyota,QA,left
602,Infiniti,MX,right
603,Suzuki,TO,left
604,Nissan,UG,right
605,Ford,SI,right
606,Mitsubishi,BF,left
607,Opel,NA,right
608,Renault,HR,right
609,Mazda,IQ,left
610,Skoda,SO,left
611,Opel,BT,right
612,Volkswagen,SI,left
613,Opel,ES,right
614,Volkswagen,PE,left
615,Mazda,IT,left
616,Citroen,TG,right
617,Chevrolet,AU,left
618,Land Rover,LR,right
619,Mazda,PW,right
620,Nissan,UG,right
621,Subaru,PA,right
622,Skoda,GD,right
623,Citroen,KN,left
624,Opel,PE,left
625,Porsche,SL,right
626,Citroen,CI,left
627,Porsche,AU,right
628,Nissan,PY,left
629,Renault,SZ,right
630,Subaru,NZ,left
631,Mitsubishi,MD,left
632,Volkswagen,LU,right
633,Hyundai,IR,right
634,Nissan,NE,right
635,Daewoo,RU,left
636,Nissan,SE,right
637,Audi,ZM,left
638,Honda,SI,left
639,Mercedes-Benz,NI,right
640,Kia,PG,right
641,Skoda,ES,right
642,Daewoo,AD,right
643,LADA,CF,left
644,Mercedes-Benz,GY,right
645,Mercedes-Benz,BT,right
646,Volv,MW,right
647,Peugeot,KM,left
648,Toyota,LK,right
649,Nissan,BI,right
650,Renault,TZ,right
651,Toyota,GY,right
652,Suzuki,SA,right
653,Toyota,VC,right
654,Daewoo,KI,left
655,Citroen,CR,left
656,Renault,CA,left
657,LADA,MT,right
658,Mercedes-Benz,PS,right
659,Toyota,ST,right
660,Kia,AE,right
661,Suzuki,DK,right
662,Volkswagen,JP,right
663,Audi,PK,right
664,Infiniti,TV,right
665,Mazda,ST,left
666,Daewoo,VA,left
667,Audi,NP,left
668,Chevrolet,SM,left
669,BMW,LC,right
670,Daewoo,KP,left
671,Lexus,KE,right
672,Renault,PW,right
673,Mercedes-Benz,MY,left
674,Land Rover,RS,right
675,Suzuki,SI,right
676,Opel,NR,left
677,Audi,TT,left
678,Suzuki,BO,right
679,Toyota,BB,left
680,Chery,TT,left
681,Mazda,PG,left
682,Toyota,NO,right
683,LADA,KH,left
684,Kia,TG,right
685,Audi,MX,right
686,Citroen,PS,right
687,Volkswagen,RU,right
688,Citroen,OM,left
689,Volkswagen,KR,right
690,Opel,MG,right
691,Opel,BS,right
692,Volkswagen,EG,left
693,LADA,BB,right
694,Peugeot,ZA,right
695,Opel,AR,left
696,Subaru,SC,left
697,Renault,HT,left
698,Lexus,CL,right
699,Mercedes-Benz,GT,right
700,Mercedes-Benz,VN,left
701,Porsche,CM,right
702,Volkswagen,ME,left
703,Lexus,NI,left
704,Citroen,NI,left
705,Mazda,SC,left
706,Lexus,NL,left
707,Daewoo,SN,left
708,Chery,PE,right
709,Volv,NE,right
710,Ford,BG,right
711,Daewoo,GA,left
712,Mitsubishi,EG,right
713,Toyota,ZW,right
714,Nissan,RW,left
715,Hyundai,TW,right
716,Skoda,CV,right
717,Mazda,BB,right
718,Citroen,BJ,right
719,Porsche,AL,left
720,Porsche,GY,right
721,Citroen,SV,right
722,Land Rover,MZ,right
723,Porsche,VE,right
724,Hyundai,PY,right
725,Subaru,PA,right
726,BMW,NL,right
727,Hyundai,MA,right
728,Nissan,BS,left
729,Skoda,ID,right
730,Suzuki,BA,right
731,Porsche,BS,right
732,Chery,TM,right
733,Hyundai,PY,left
734,Chevrolet,GH,right
735,Opel,EG,left
736,Mitsubishi,SY,right
737,Peugeot,LI,right
738,Volkswagen,KP,left
739,Opel,ZM,left
740,Peugeot,NL,left
741,Land Rover,UA,left
742,Hyundai,QA,left
743,LADA,EG,left
744,Audi,MR,right
745,Chevrolet,KZ,left
746,Honda,LS,left
747,Kia,SK,right
748,Subaru,SL,right
749,Porsche,NE,left
750,Skoda,NZ,right
751,Nissan,KZ,left
752,Audi,TO,right
753,Peugeot,MN,left
754,Infiniti,TG,right
755,Subaru,RW,left
756,Mercedes-Benz,GW,right
757,Volkswagen,SZ,right
758,Porsche,TM,left
759,Renault,MM,left
760,BMW,IN,right
761,Mazda,AU,left
762,Nissan,ID,left
763,Chery,IQ,left
764,Land Rover,MR,left
765,Mazda,TD,right
766,Volv,SA,left
767,Chery,JM,right
768,Hyundai,AO,left
769,Audi,DM,right
770,Volv,ET,left
771,Chery,NA,right
772,Renault,GA,left
773,Hyundai,BA,left
774,Daewoo,EC,right
775,Opel,VU,right
776,Volv,MH,right
777,Suzuki,TH,left
778,Mazda,PL,right
779,Volv,EE,left
780,Chery,ZW,left
781,Mazda,DJ,right
782,Mercedes-Benz,FR,right
783,Daewoo,MR,left
784,Chery,RU,left
785,LADA,HR,left
786,Peugeot,ER,left
787,Land Rover,ML,right
788,Honda,ES,right
789,Daewoo,IT,right
790,Daewoo,SO,right
791,Opel,TO,right
792,Kia,NO,right
793,Volv,ID,right
794,Volv,BN,left
795,Toyota,KH,left
796,Mercedes-Benz,AO,left
797,Volv,DZ,left
798,Mitsubishi,SV,left
799,Suzuki,BW,right
800,Hyundai,CR,left
801,Suzuki,BB,right
802,Chevrolet,BO,left
803,Peugeot,CV,right
804,Hyundai,TD,right
805,Infiniti,DZ,left
806,Mazda,TD,left
807,Citroen,CZ,left
808,Porsche,CD,left
809,Skoda,SD,right
810,Chery,PY,left
811,BMW,LU,left
812,Lexus,WS,left
813,Kia,OM,right
814,Mitsubishi,UY,left
815,LADA,CM,left
816,Suzuki,BA,right
817,Chevrolet,PG,right
818,Ford,GB,left
819,Lexus,CU,left
820,Skoda,KH,left
821,Mitsubishi,PA,left
822,Infiniti,MN,right
823,Opel,NR,right
824,Mazda,CA,right
825,Land Rover,CO,left
826,Opel,BF,left
827,Nissan,ZA,left
828,Mitsubishi,PK,right
829,Peugeot,RU,right
830,Mitsubishi,AD,left
831,Audi,RW,right
832,Mitsubishi,SC,right
833,Chevrolet,LB,right
834,Volkswagen,SR,left
835,Infiniti,JP,left
836,Mercedes-Benz,LU,right
837,Nissan,CU,right
838,Suzuki,SE,right
839,Infiniti,HN,left
840,Chery,OM,right
841,Volv,DM,right
842,Audi,UZ,left
843,Mitsubishi,KI,right
844,Mazda,NL,left
845,Ford,GW,left
846,Chery,GM,right
847,Honda,KE,right
848,LADA,BJ,left
849,BMW,SD,left
850,Volkswagen,KW,left
851,Audi,LB,right
852,Ford,MH,right
853,Suzuki,LT,right
854,Ford,BD,left
855,Volv,TZ,right
856,Kia,GD,right
857,Opel,LV,right
858,Mercedes-Benz,CZ,left
859,Toyota,LC,left
860,Mazda,DO,left
861,Chevrolet,IN,right
862,Land Rover,DJ,left
863,Renault,LB,right
864,Volv,GE,right
865,Chery,AO,right
866,Volv,MG,left
867,Chery,CF,right
868,Opel,AM,left
869,Honda,MD,left
870,Chevrolet,LT,left
871,Chevrolet,TJ,right
872,Infiniti,JM,right
873,Daewoo,PK,right
874,Daewoo,GA,right
875,Mazda,GR,right
876,Kia,KN,left
877,Citroen,PG,right
878,Kia,GB,right
879,Subaru,ZM,right
880,Mitsubishi,CR,right
881,Infiniti,ML,right
882,Chevrolet,MN,right
883,Porsche,GE,right
884,Nissan,LV,left
885,Volkswagen,GD,right
886,Hyundai,MN,left
887,BMW,KR,right
888,Chevrolet,ZW,right
889,Mercedes-Benz,TD,left
890,Land Rover,AR,right
891,BMW,ID,left
892,Chery,GR,right
893,Kia,PG,left
894,Renault,KZ,right
895,Infiniti,NL,right
896,BMW,NP,right
897,Hyundai,LR,right
898,Mazda,PS,right
899,Kia,GB,left
900,Renault,KG,left
901,Mazda,GY,left
902,Toyota,KG,left
903,Renault,CG,right
904,Volkswagen,CG,left
905,Audi,TH,right
906,Subaru,PL,left
907,Nissan,AE,right
908,LADA,CH,left
909,Opel,MZ,left
910,Peugeot,AT,left
911,Renault,SO,right
912,Toyota,FJ,left
913,Volv,DE,right
914,Chevrolet,GR,left
915,Mazda,LB,left
916,Hyundai,GE,left
917,Peugeot,VA,left
918,Lexus,TT,right
919,Audi,WS,left
920,Lexus,LV,left
921,Kia,ST,left
922,Volkswagen,NO,right
923,Nissan,ES,right
924,Honda,PH,left
925,Honda,MN,left
926,Peugeot,CD,right
927,Porsche,NI,left
928,Mercedes-Benz,DM,right
929,Nissan,SV,left
930,Kia,LC,left
931,Mercedes-Benz,AZ,right
932,Mercedes-Benz,CZ,left
933,Volv,OM,left
934,Volkswagen,KW,left
935,LADA,MZ,right
936,Infiniti,UG,left
937,Suzuki,AM,right
938,Volv,MH,left
939,Land Rover,UG,right
940,Infiniti,GM,left
941,Suzuki,FJ,left
942,Opel,EG,right
943,BMW,PT,right
944,Audi,HU,left
945,Renault,UZ,left
946,Volkswagen,HU,right
947,Kia,SB,left
948,Lexus,CU,left
949,Renault,MZ,left
950,Citroen,US,right
951,Mitsubishi,MG,right
952,Opel,BD,right
953,Audi,DZ,right
954,Chery,CN,right
955,Mitsubishi,BR,right
956,Renault,SO,right
957,Peugeot,MM,right
958,Renault,SL,left
959,BMW,MD,left
960,Land Rover,VN,left
961,Skoda,EC,right
962,Volv,NP,left
963,Lexus,ME,right
964,Nissan,LK,left
965,Mercedes-Benz,ML,left
966,Porsche,TO,right
967,Renault,SY,right
968,Subaru,SK,left
969,Daewoo,LU,left
970,Citroen,AM,right
971,Land Rover,DK,left
972,Daewoo,SM,left
973,Volv,ES,right
974,Volv,AD,left
975,Peugeot,ML,left
976,Nissan,CO,left
977,Toyota,KP,right
978,Toyota,IQ,right
979,Volv,NG,right
980,Kia,MN,right
981,Hyundai,FJ,left
982,Volkswagen,SG,left
983,Chevrolet,JP,right
984,LADA,TJ,left
985,Lexus,DJ,right
986,Toyota,SO,right
987,Volkswagen,HR,right
988,Lexus,NP,left
989,Kia,AO,right
990,Chery,GD,left
991,Mercedes-Benz,MU,right
992,Nissan,SM,left
993,LADA,CN,right
994,Land Rover,LT,right
995,Volv,AM,right
996,Suzuki,GT,left
997,Porsche,LY,right
998,Citroen,EE,left
999,Land Rover,BA,left
1000,Toyota,AG,left
