1,Matthew Galvan,m,194,16,1984-07-21
2,Travis Duke,f,199,15,1990-02-19
3,Brian Cox,m,168,71,1921-10-28
4,Michael Jones,m,150,66,1927-04-04
5,Peter Santos,m,185,0,2008-09-02
6,Timothy Perez,m,152,16,1906-11-01
7,Alexandra Powers,f,190,7,1991-10-20
8,Rhonda Wells,m,209,1,2002-12-30
9,Randy Morgan,m,208,0,2015-02-16
10,Jason Leonard,m,162,9,1992-09-25
11,Vanessa Johnson,m,161,19,1984-11-27
12,Linda Rojas,m,173,30,1948-06-01
13,Kimberly Ramirez,f,209,0,2005-08-02
14,Julie Baker,m,207,47,1919-01-14
15,Kyle James,f,182,39,1944-02-22
16,Leslie Lucero,m,174,94,1905-09-30
17,Christopher Cardenas,f,200,18,1979-07-24
18,Danielle Maldonado,f,190,64,1928-03-14
19,Amy Henderson,f,158,23,1970-06-12
20,Glen Hernandez,f,165,20,1953-10-09
21,Michelle Riddle,m,163,35,1956-11-06
22,Christopher Mcfarland,f,152,0,2008-01-26
23,Kevin Norton,f,159,90,1909-11-21
24,Erica Morris,f,161,17,1946-10-06
25,Jennifer Warren,f,202,13,1975-10-28
26,Scott Rasmussen,m,160,10,1959-07-20
27,Shawn Jefferson,f,153,0,2016-09-05
28,Jonathan Johnson,f,209,9,1948-01-01
29,Joshua Williams,m,178,5,1999-10-18
30,Ryan Aguirre,m,187,27,1976-12-02
31,Stephanie Mccullough,f,206,15,1908-01-24
32,Richard Mcdonald,m,167,60,1925-03-05
33,Timothy Murray,m,158,75,1911-11-27
34,Melissa Ball,f,163,95,1909-10-01
35,Victoria Marshall,m,170,0,2013-01-22
36,Tyler Bullock,f,175,0,2012-12-16
37,Amanda Simpson,f,182,40,1920-08-07
38,Samuel English,f,171,59,1943-08-20
39,Kenneth Irwin,f,190,0,2007-11-18
40,Margaret Garner,f,184,1,1999-09-11
41,Fred Campbell,m,206,91,1905-12-28
42,Courtney Hernandez,f,164,23,1979-12-10
43,William Santiago,m,178,8,1962-10-31
44,John Cook,f,182,92,1909-01-19
45,Trevor Brooks,f,207,43,1943-05-25
46,Corey Perkins,m,150,18,1978-02-21
47,Timothy Martinez,m,198,87,1907-04-24
48,Tom Dixon,m,207,14,1949-01-16
49,Katrina Todd,f,165,50,1931-05-20
50,Angela Hoffman,m,164,25,1927-09-27
51,Robert Moore,f,201,48,1941-05-31
52,Steven Wood,m,177,17,1983-03-20
53,Sandra Edwards,f,175,0,2013-11-24
54,Maria Pena,m,182,0,1969-06-23
55,Robert Rose,m,161,2,1994-09-13
56,Jessica Mahoney,f,169,0,2010-08-20
57,Jeffrey Petersen,m,205,22,1960-11-09
58,James Clark,m,169,2,1994-11-23
59,Mary Copeland MD,f,196,1,1945-01-22
60,Christopher Wallace,f,170,1,2002-07-20
61,Stanley Benitez,m,192,58,1942-02-09
62,James James,f,161,39,1960-10-31
63,Vanessa Padilla,m,169,0,2002-08-24
64,Yesenia Steele,f,152,59,1934-10-02
65,Sabrina Burns,m,209,2,1994-01-29
66,Oscar George,m,162,0,2008-11-05
67,Mark Sweeney,m,164,9,1936-02-09
68,Mark Hunter,m,165,22,1978-03-10
69,Kristi Herman,m,178,34,1932-09-03
70,Mark Pierce,f,175,0,2009-07-26
71,Jennifer Dickerson,f,169,79,1922-08-21
72,Jacob Patton,m,178,24,1965-01-30
73,Matthew Garcia,f,189,1,2003-02-28
74,James Chavez,f,176,0,1951-11-17
75,Kelly Smith,m,151,14,1973-05-23
76,William Duncan,f,209,12,1993-04-27
77,Michael Johnson,m,155,13,1988-07-29
78,James Day,m,164,0,2014-09-18
79,Mark Pena,f,174,2,1906-05-11
80,Alfred Adams,m,156,91,1909-04-07
81,Jasmine Murphy,f,178,3,2000-03-23
82,Darius Morales,m,184,6,1989-12-28
83,Joshua Butler,m,197,41,1963-09-29
84,Karen Brown,m,200,32,1925-10-09
85,Ann Zuniga,f,187,3,1979-12-04
86,John Collins,f,210,11,1992-10-14
87,Derek Myers,f,183,0,2003-06-28
88,Alexis Stanley,f,205,11,1993-12-28
89,Christina Williams,m,194,3,1994-06-17
90,David Garcia,m,181,50,1924-02-09
91,Melissa Warren,m,171,72,1915-07-04
92,Timothy Joseph,f,205,12,1981-01-18
93,Kyle Hudson,m,174,16,1944-04-05
94,Penny Estrada,f,173,7,1927-11-04
95,David Kemp,f,209,45,1955-06-30
96,Andrew Turner,m,200,9,1963-05-06
97,Kyle Hicks,m,197,7,1991-12-11
98,Anne Rogers,f,172,0,2017-09-18
99,Janet Morrison,m,210,63,1925-02-04
100,Jessica Campbell,m,169,3,2001-11-29
101,David Gray,f,174,8,1932-04-30
102,Erin Myers,m,155,15,1965-06-02
103,Madeline Rivera,m,204,40,1948-12-01
104,Stephen Thomas,f,169,0,2018-03-26
105,Jennifer Reynolds,f,191,0,2007-03-18
106,Paul Sharp,f,159,32,1943-09-06
107,Peter Hunter,f,172,2,1997-09-11
108,Nancy Schultz,m,152,0,2005-05-15
109,Daniel Baker,m,178,50,1939-04-19
110,Jordan Marshall,f,191,60,1938-03-11
111,Karen Paul,f,186,8,1974-05-16
112,Alexander Kirby,m,154,58,1947-07-03
113,Lisa Patel,m,168,37,1950-03-28
114,Juan Young,f,172,13,1948-09-25
115,William Hernandez,m,162,3,1998-10-03
116,Erica Knight,m,182,88,1912-01-30
117,Karen Scott,m,181,20,1955-09-21
118,Michelle Meyer,m,177,27,1912-05-09
119,Steven Butler,f,189,69,1914-05-05
120,Colin Moore,m,195,68,1928-10-06
121,Joshua Avila,m,190,30,1972-09-14
122,April Allen,m,176,68,1915-03-17
123,Cindy Pena,f,164,69,1924-11-03
124,Kevin Wilson,m,175,14,1991-09-08
125,Alexis Pruitt MD,f,162,0,2016-04-04
126,Jamie Gibson,f,191,65,1918-01-18
127,Kimberly Kane,m,179,12,1947-07-16
128,Dr. Jillian Swanson MD,m,169,53,1907-05-11
129,Anita Moore,f,154,11,1956-02-23
130,Nancy Robinson,f,193,0,2013-07-20
131,Jill Zuniga,m,203,41,1964-07-19
132,Jeffery Foley,m,194,29,1972-04-16
133,Kristin Calhoun,m,175,0,2006-09-15
134,Debra Craig,m,186,32,1916-08-09
135,Jenna Price,m,207,14,1986-08-30
136,Jasmine Gonzalez,f,199,28,1977-09-04
137,Vicki Lynch,f,157,0,2006-02-19
138,Lori Schultz,f,176,3,1986-03-06
139,Patrick Turner,m,171,61,1921-11-30
140,Mr. William Willis,f,176,39,1939-07-07
141,Peter Burke DDS,m,158,5,1989-07-24
142,Laura Lee,m,176,3,2001-12-12
143,James Jackson,m,170,51,1945-02-03
144,Kyle Allen,m,154,2,1933-10-31
145,Linda Carroll,f,157,9,1968-05-05
146,Angela Taylor,f,161,23,1977-03-10
147,Mr. Jared Vargas,m,181,5,1996-09-10
148,Carolyn Bennett,m,191,11,1964-03-18
149,Carolyn Alvarado,m,185,10,1957-11-17
150,Sylvia Morton,f,168,1,1991-06-18
151,Heather Dougherty,f,202,75,1922-12-25
152,David Vazquez,m,161,51,1945-02-03
153,Lauren Hinton,m,202,6,1990-09-10
154,Dawn Welch,f,153,0,2018-08-04
155,Lucas Barnes,f,201,0,2016-02-08
156,Sean Ramirez,m,170,20,1979-11-25
157,Gary Garcia,m,210,30,1950-01-21
158,Sara Myers,m,208,36,1966-11-19
159,Roy French,m,188,0,2009-01-25
160,Natalie Williams,f,176,72,1909-01-17
161,Joshua Guerra,f,160,73,1910-12-05
162,Christina Hurst,m,151,43,1939-09-14
163,Christopher Fisher,m,194,7,1937-01-16
164,Adam Mcdonald,f,164,13,1970-05-25
165,James Everett,f,197,10,1962-02-08
166,Michael Underwood,f,194,22,1918-07-26
167,Melissa Quinn,m,201,0,2006-10-11
168,Alison Lopez,m,161,12,1956-02-23
169,Dawn Carter,f,190,0,2014-06-02
170,Mr. Francisco Christian,f,206,10,1963-02-06
171,John Cannon,f,155,10,1993-04-26
172,Carolyn Anderson,f,151,1,1961-09-02
173,Veronica Rasmussen,m,205,45,1918-06-18
174,Adam Robinson,f,172,7,1996-02-12
175,Daniel Delgado,f,159,0,2016-09-09
176,Vincent Collins,m,200,0,2016-03-03
177,Devon Stevens,f,173,8,1967-02-05
178,Erin Pruitt,m,182,48,1933-06-02
179,Catherine Miller,f,157,50,1910-03-01
180,Bradley Alvarado,f,174,53,1930-03-04
181,Keith Morales,f,207,41,1952-01-02
182,Brandon Bennett,f,155,37,1960-09-30
183,Debbie Kerr,f,199,5,1957-07-14
184,Wendy Lane,f,174,12,1957-08-30
185,Paul Morton,m,201,22,1944-07-01
186,Juan Mcdonald,m,208,55,1943-11-07
187,Daniel Johnson,f,192,31,1943-11-02
188,Dylan Morrison,m,203,0,2010-05-27
189,Christopher Morales,f,158,64,1921-03-28
190,Jennifer Frye,f,197,5,1988-07-29
191,Danny Jordan,m,188,38,1966-04-18
192,Stefanie Wright,m,152,25,1948-05-29
193,Joshua Juarez,f,153,6,1923-06-25
194,Nicholas Carroll,m,209,35,1962-09-01
195,Megan Berry,f,180,23,1980-11-05
196,Aaron Wells,f,184,0,2008-12-27
197,Bryan Kennedy,f,190,1,1983-11-01
198,Casey Morris,f,189,52,1920-05-25
199,Omar Mason,m,204,37,1940-07-28
200,Sarah Davis,f,172,10,1992-03-09
201,Jonathan Hampton,m,162,55,1911-05-29
202,Christopher Nguyen,m,179,24,1969-10-21
203,Christina Bailey DVM,f,173,2,1962-12-06
204,Alexis Gomez MD,f,203,4,1953-09-09
205,Melissa Davis,f,163,15,1973-05-09
206,Christina Cole,m,195,0,2019-11-14
207,Shelby Curry,m,171,0,2005-02-20
208,Tyler Thomas,f,198,0,2010-07-06
209,Carrie Hill,f,208,16,1979-01-01
210,Sheri Dunn,m,155,8,1977-10-04
211,Joshua Espinoza,f,200,48,1947-04-15
212,Lance Duncan,m,164,40,1942-11-05
213,Crystal Morton,f,161,3,1936-06-15
214,Kristopher Green,f,167,50,1932-10-15
215,Catherine Christensen,m,164,53,1946-08-31
216,William Boone,f,209,49,1950-03-09
217,Angela Baird,m,174,6,1954-11-21
218,Amber Jackson,m,162,12,1920-04-13
219,Lisa Pierce,m,186,0,2008-11-04
220,Patricia Ford,m,161,1,1997-11-20
221,Ian Thomas,m,181,0,2020-09-10
222,Kevin Jones,m,186,14,1988-11-10
223,Christina Payne,f,204,15,1983-05-18
224,Chris Taylor,f,203,15,1979-10-22
225,Mary Burke,m,174,39,1918-05-07
226,Mark Jacobs,f,204,11,1962-09-26
227,Michele Cunningham,f,207,0,2004-07-20
228,Brandy Navarro,f,169,77,1925-06-24
229,Desiree Medina,m,185,13,1992-04-22
230,Susan Abbott,m,198,17,1964-06-09
231,Mr. Andrew Morrow Jr.,f,169,7,1978-06-10
232,Tara Roberts,m,206,46,1937-09-08
233,Jessica Brown,m,187,26,1969-04-16
234,Tyler Mendoza,f,166,22,1949-08-13
235,Raymond Klein,f,159,62,1939-04-19
236,Chloe Knight,m,192,57,1916-04-16
237,Kendra Herring DVM,f,163,4,1948-07-24
238,Cody Wheeler,f,195,31,1920-01-25
239,Mrs. Linda Noble,f,184,46,1924-03-11
240,Tony Vazquez PhD,f,187,0,2016-10-04
241,Jeffrey Jones,m,155,0,1970-10-25
242,Linda Hawkins,m,203,25,1940-02-21
243,Shannon Bray,m,173,0,1938-01-29
244,Ann Scott,f,195,16,1947-01-17
245,Miss Barbara Davis,m,210,57,1941-08-26
246,Sheri Beltran,f,150,19,1979-03-12
247,Rebecca Kramer,m,201,0,2020-06-04
248,Carol Medina,m,189,14,1927-12-06
249,Luis Randolph,m,208,18,1920-08-20
250,Kathy Smith,m,174,20,1967-05-25
251,Daniel Carey,f,153,4,1979-07-15
252,Jeffrey Dominguez,f,194,20,1976-12-27
253,Lori Greer,f,188,3,1988-09-23
254,Joseph Smith,f,177,20,1978-11-10
255,Mike Larson,m,150,26,1974-08-16
256,Patrick Glover,f,184,17,1985-08-18
257,Brandon Evans,m,193,4,1954-07-17
258,Charles Bennett,m,180,43,1950-04-07
259,Steven Lee,f,171,0,2012-05-02
260,Gregory Rodriguez,f,210,27,1954-07-16
261,Anna Cunningham,f,173,31,1966-05-12
262,Bryan Scott,m,187,37,1916-11-15
263,Joseph Phillips,m,155,2,2001-04-08
264,Charles Lawson,f,150,97,1907-06-13
265,Billy Bush,m,209,0,2002-12-25
266,Steven Burnett,m,195,42,1954-11-21
267,Lisa Crawford,f,187,7,1970-02-28
268,Russell Nunez,f,162,48,1912-02-10
269,Ross Jones,m,192,14,1953-09-06
270,Allen Walker,m,169,7,1956-03-12
271,April Gutierrez,f,193,53,1936-01-12
272,Leslie Price,f,154,36,1968-06-17
273,John Waller,f,168,0,2007-05-02
274,Jackson Thompson,m,151,51,1933-11-19
275,Dana Rice,f,201,22,1947-05-30
276,Justin Anderson,f,167,25,1958-01-25
277,David Martinez,f,197,0,2006-04-30
278,Lisa Reese,m,171,11,1969-11-09
279,James Barnes,f,153,23,1978-02-13
280,Alexander Daniels,m,161,3,1998-10-27
281,Michael Barnes,f,196,59,1928-04-23
282,Ms. Carrie Sharp MD,f,167,4,1996-06-02
283,James Richards,f,206,20,1977-02-24
284,Charles Fitzgerald,m,154,0,2004-10-23
285,Melissa Macias,m,152,4,1965-09-05
286,Ashley Martinez,m,196,28,1957-02-14
287,Robert Decker,f,158,42,1939-11-26
288,Paul Carney,m,187,15,1934-03-01
289,Anita Lopez,m,178,40,1930-07-01
290,Drew Baker,f,161,0,2018-12-24
291,Thomas Bowen,f,182,7,1916-08-25
292,Jennifer Mcclure,f,171,6,1916-01-18
293,Alexis Baker,m,176,43,1950-11-29
294,David Poole,f,178,23,1945-03-22
295,Caitlin Williams,f,167,41,1935-09-06
296,Noah Simmons,f,196,74,1910-05-31
297,Jennifer Ortiz,m,202,15,1914-05-10
298,James Rowe,f,181,49,1908-08-27
299,Tanya Sullivan,f,180,11,1991-06-13
300,Jeremy Logan,f,175,0,2010-12-20
301,Brandon Bennett,f,183,34,1958-01-19
302,Christina Anthony,f,165,66,1926-01-24
303,Colton Miller,f,206,12,1971-09-15
304,Mark Bailey,f,205,21,1980-05-03
305,Janice Buckley,m,183,31,1959-05-14
306,John Martin,m,158,26,1975-01-13
307,Paul Austin,m,176,28,1949-03-16
308,Christopher Herrera Jr.,f,204,0,2005-04-25
309,Kathy Hernandez,m,201,59,1926-10-21
310,Thomas Frank,m,187,4,1958-03-16
311,Diana Mccarthy,f,163,35,1967-11-25
312,Shawn Fox,m,195,18,1963-05-11
313,Mark King,m,201,40,1920-04-18
314,Melissa Ross,m,166,32,1934-04-20
315,Lisa Velasquez,m,204,0,2018-11-12
316,Chad Burgess,m,171,0,2003-08-17
317,Stephen Jones,m,179,20,1957-09-30
318,Angela Buck,f,159,45,1946-06-25
319,David Curry,m,166,56,1908-09-01
320,Samantha Kemp,m,198,13,1990-07-12
321,James Roberts,f,193,55,1940-10-13
322,Matthew Porter,m,158,2,1933-10-04
323,Dana Rodriguez,m,208,8,1920-10-09
324,Michelle Hall,m,186,0,2019-03-07
325,John Chavez,f,201,12,1912-12-24
326,John Wood,f,150,0,2016-05-30
327,Kelly Smith,m,185,26,1957-05-15
328,Luke Rodriguez,m,158,0,2012-06-06
329,Bryan Mann,f,170,0,1998-06-27
330,Rebecca Smith,f,171,0,2006-01-19
331,Christina Jenkins,m,193,27,1943-09-14
332,Rachael Johnson,f,197,62,1912-04-30
333,Mary Taylor,m,165,39,1919-06-27
334,Anthony Hicks,m,198,47,1948-04-03
335,Tracy Henderson,f,196,26,1958-02-10
336,Shane Wagner,f,197,20,1943-07-09
337,Colin Montgomery,f,181,19,1980-03-14
338,Jesse Meyer,f,162,0,1939-11-03
339,Mary Trevino,f,206,45,1916-11-30
340,Nicholas Gray,f,198,42,1942-03-10
341,Jack Brady,m,205,0,2017-04-18
342,Denise Costa,m,191,41,1934-12-08
343,Ms. Suzanne Cruz,f,175,0,2004-02-24
344,Caitlyn Solomon,f,168,0,2008-08-01
345,Evan Ramirez,m,172,72,1915-03-28
346,Ashley Howard,f,203,0,2013-01-25
347,Zachary Scott,f,198,14,1957-05-14
348,Mrs. Karen Taylor,m,164,0,2010-05-27
349,Matthew Gonzalez,f,200,0,2012-07-16
350,Heather Norman,m,171,7,1995-06-21
351,Stacey Monroe,m,151,9,1937-08-17
352,Ashley Gomez,m,152,9,1918-01-28
353,Mr. Michael Singleton,f,208,3,1995-01-07
354,Brittney Thomas,m,159,2,1991-08-29
355,Jessica Anderson,m,205,10,1981-01-06
356,Jessica Hernandez,f,161,68,1913-10-22
357,Michael King,m,172,70,1907-08-09
358,Jeffrey Adkins,f,168,3,1984-04-24
359,Vincent Estrada DDS,f,171,5,1940-04-17
360,Michael Garcia,f,165,31,1940-06-20
361,Anthony Alvarado Jr.,f,188,15,1943-07-22
362,Timothy Wallace,f,151,74,1908-10-17
363,Craig Proctor,m,209,26,1931-03-26
364,Adam Brown,m,185,0,2017-07-27
365,Jacob Edwards,f,194,75,1925-12-30
366,Anthony Jarvis,f,188,12,1991-09-14
367,Amanda Peters,f,206,4,1969-03-10
368,Lawrence Ramirez,f,173,10,1972-08-08
369,John Blair,f,191,68,1934-01-23
370,Catherine Ali,f,160,22,1982-02-01
371,Joe Chen,f,183,0,2012-07-24
372,Amber Allen,f,160,0,2008-12-08
373,Andrea Gallegos,m,168,1,2001-06-12
374,Lacey Weiss,m,161,8,1931-10-30
375,Brandon Phillips,m,198,1,1995-10-27
376,Samantha Ellis,m,181,26,1968-09-19
377,Alexander Freeman,m,186,20,1950-05-06
378,Alexander Brown,f,198,10,1984-07-19
379,Joseph Simmons,f,189,49,1954-09-24
380,Sarah Marshall,f,162,0,2015-01-22
381,Jeffrey Kirk,f,150,1,1983-05-13
382,Howard Wilson,f,200,42,1921-12-23
383,Catherine Smith,f,157,15,1989-11-01
384,Alexandra Cruz,m,153,13,1927-12-31
385,Daniel Rice,f,153,65,1922-08-17
386,Ernest Trevino,f,198,2,2003-08-16
387,Michael Strong,f,161,20,1974-06-01
388,David Perez,m,168,21,1982-07-04
389,Taylor Serrano,m,202,15,1921-05-15
390,Vincent Peterson,m,176,8,1947-11-13
391,Chloe Rangel,f,173,30,1975-02-27
392,Lauren Moore,m,203,26,1975-03-18
393,Karl Dixon,f,210,19,1965-11-24
394,Anthony Skinner,f,203,53,1918-12-12
395,Jean Miller,m,200,13,1992-06-11
396,Karen Peterson,f,192,39,1948-03-07
397,Mary Phillips,m,164,25,1980-03-22
398,Amy Martin,f,160,37,1950-05-24
399,Katie Flynn,m,180,59,1915-06-19
400,Tanya Baker,f,173,69,1917-09-22
401,Jesus Torres,m,177,5,1918-12-15
402,Katherine Henderson,f,178,0,2016-04-03
403,James Jackson,m,153,66,1925-12-15
404,Benjamin Carr,m,197,23,1955-06-25
405,Adam Newton,f,197,8,1928-11-21
406,Andrea Jones,f,200,70,1925-06-30
407,Adam Freeman,f,152,25,1953-01-05
408,Joseph Adams,m,205,15,1942-10-16
409,Frank Green,f,193,21,1926-08-12
410,Larry Griffith,m,196,7,1995-06-24
411,Richard Thomas,m,203,0,2013-11-03
412,April Peck,f,178,0,2015-11-02
413,Chase Walters,f,152,6,1993-01-21
414,Peter Hawkins,m,155,5,1979-03-21
415,Gary Boyd,f,157,0,2021-09-03
416,Heather Valdez,f,205,37,1917-08-30
417,Cheryl Hobbs,f,168,20,1944-06-18
418,Brittany Barnett,f,188,6,1956-12-24
419,Samantha Nguyen,f,173,5,1991-06-17
420,Richard Thompson,f,191,12,1984-06-23
421,Samantha Trujillo,f,191,18,1969-12-01
422,Elizabeth Stout,f,190,27,1924-03-22
423,Emily Reynolds,m,186,31,1921-05-12
424,Michele King,f,195,41,1935-06-14
425,Aaron Nelson,m,154,11,1989-05-28
426,Melissa Woodard,m,188,43,1923-05-13
427,Kelly Francis,m,165,0,1998-04-14
428,Angela Ross,f,203,93,1909-11-08
429,Caroline Scott,m,158,26,1922-01-25
430,Steven Arellano,f,185,58,1947-06-13
431,Jasmine Obrien,m,171,19,1968-11-03
432,Taylor Carter,f,151,4,1982-09-26
433,Paul Weaver,m,200,2,1998-06-02
434,Matthew Le,f,195,29,1933-05-12
435,Brett Graham,f,199,16,1929-10-18
436,Gloria Chavez,f,202,49,1934-07-09
437,Samuel Kelly,m,192,4,1963-05-04
438,Michelle Malone,f,189,14,1981-01-09
439,Troy Long,m,186,35,1960-11-17
440,Michael Hart,m,197,19,1940-05-15
441,Nicholas Kim,m,203,28,1965-01-17
442,Steven Baldwin,f,172,4,1998-09-21
443,Jeremy Marks,f,179,13,1992-04-04
444,Nathaniel Perkins,m,185,21,1977-12-31
445,Cheryl Barajas,f,184,36,1938-10-13
446,Joseph Carr,f,191,0,2006-09-05
447,Stephen Tucker,m,198,16,1986-08-05
448,Justin Rivas,f,195,12,1937-04-23
449,Suzanne Hall,f,181,1,1917-09-29
450,Mark James,m,158,9,1993-11-12
451,Brandy Anderson,m,154,4,1952-01-04
452,Alan Ellis,m,163,4,1942-11-22
453,Timothy Hawkins,f,189,23,1944-02-06
454,Jon Baker,f,157,42,1929-07-26
455,Gabrielle Gardner,m,198,33,1944-03-05
456,Mason Stanley,m,194,6,1982-12-11
457,Christian Dougherty,f,173,10,1912-08-30
458,Carolyn Andersen,f,202,28,1976-12-15
459,Ian Parsons,m,155,5,1953-07-12
460,Alexander Smith,m,159,0,2006-12-21
461,Glenn Patterson,f,187,0,2010-07-17
462,Steve Duncan,m,155,7,1963-05-12
463,John Williams,f,199,65,1933-03-27
464,Lauren Baldwin,m,181,60,1907-01-19
465,Brian Escobar,f,182,8,1978-11-06
466,Michael Holt,m,168,18,1905-12-09
467,Helen Hill,m,164,14,1977-08-26
468,Diane Newman,m,167,1,1996-04-19
469,Patricia Carter,f,202,0,2017-11-11
470,Gerald Silva,f,198,10,1993-03-01
471,Pamela Blanchard,m,205,20,1983-05-30
472,Joshua Smith,m,191,8,1939-03-10
473,Brenda Williams,m,190,0,2013-05-18
474,Allison Long,m,197,18,1965-12-24
475,Tanya Romero,m,186,22,1959-12-06
476,James Harvey,m,177,18,1949-05-03
477,Morgan Sullivan,m,195,1,2003-12-30
478,Cheryl Pacheco,m,165,19,1955-07-10
479,Tyler Ross,m,163,1,2001-03-29
480,Tiffany Burgess,f,165,1,1930-05-17
481,Daniel Espinoza,m,196,8,1997-07-09
482,Kathleen Rangel,m,197,18,1942-09-01
483,John Moyer,m,189,26,1942-06-22
484,Brandy Leon,f,154,6,1934-08-26
485,Brooke Brown,f,191,34,1961-01-13
486,Sara Clay,m,201,19,1979-01-08
487,Katie Crawford,f,197,9,1986-11-26
488,Elizabeth Taylor,f,197,74,1925-03-15
489,Lori Davis,f,172,1,1993-07-17
490,Natalie Kelly,f,199,42,1939-09-09
491,Juan Johnson,f,175,42,1947-09-10
492,Gary James,f,179,39,1948-10-06
493,Megan Cain,m,168,1,1991-02-06
494,Audrey Torres,f,172,0,2012-02-15
495,Justin Smith,m,173,40,1928-10-06
496,Jennifer Villa,m,172,9,1969-10-26
497,Thomas Rodriguez,f,176,36,1956-05-10
498,Stephanie Green,m,170,53,1923-06-24
499,Ann Spence,f,185,29,1906-10-09
500,Christopher Chase,f,177,2,1994-12-09
501,Patricia Sandoval,m,150,0,1965-04-02
502,Kevin Brown,f,166,0,2017-02-23
503,Brittany Barnes,m,200,76,1908-10-24
504,Steven Wilson,f,172,47,1958-08-19
505,Lawrence Schmidt,f,191,0,2008-10-25
506,Jennifer Acosta,m,151,51,1953-03-19
507,John Parker,f,200,4,1972-08-20
508,Sandy Chavez,f,153,30,1924-03-29
509,Tristan Conway,m,174,0,2009-05-18
510,Christopher Brown,f,154,41,1909-09-28
511,Katie Robinson,f,181,31,1953-03-08
512,Eric Johnson,m,187,66,1936-10-18
513,Jeremy Howell,f,155,29,1956-08-22
514,Thomas Moore,m,178,25,1955-02-24
515,Alan Baker,m,154,16,1971-09-01
516,Amy Jackson,m,181,0,2011-08-22
517,Kari Mccormick,m,191,45,1953-02-01
518,Mr. Patrick Herring,f,203,6,1980-04-28
519,Jodi Wilson,m,198,31,1958-06-12
520,Brianna Holden,f,156,26,1959-12-28
521,Jose Walker,f,169,46,1939-08-29
522,John Fleming,m,199,25,1973-03-14
523,Cameron Atkins,m,167,21,1973-03-16
524,Jeremy Atkinson,m,156,23,1975-05-19
525,Curtis Jones,m,202,15,1983-12-26
526,Samuel Vazquez,m,172,33,1957-08-28
527,Todd Barnes,m,201,78,1916-08-10
528,Kiara Lopez,m,184,3,1975-05-09
529,Jennifer Fitzgerald,m,155,2,1969-11-02
530,Caroline Potts,m,205,35,1968-09-30
531,Charles Saunders,f,198,5,1999-11-04
532,Douglas Lewis,m,160,12,1946-10-05
533,Michael Bell,m,156,0,2008-10-06
534,Christopher Hart,f,209,3,1982-09-28
535,Christopher Lee,m,164,63,1938-08-05
536,Matthew Ellis,m,155,40,1950-11-16
537,Amanda Clark,m,187,0,2009-04-24
538,Jenna Hicks,m,165,21,1962-03-15
539,Ivan Bailey,m,161,30,1955-10-20
540,Cynthia Le,m,152,47,1934-08-15
541,Andrew Rivera,f,184,59,1929-12-01
542,Veronica Matthews,m,164,0,2018-12-02
543,Jocelyn Murphy,m,173,15,1983-04-27
544,Danielle Mosley,m,170,6,1999-03-10
545,Carla Jordan,f,154,15,1974-02-18
546,Megan Aguirre,m,167,31,1972-10-10
547,Latoya Robinson,f,172,19,1947-06-19
548,Jennifer Roberts,f,194,9,1965-06-22
549,Aimee Larson,m,179,23,1945-01-08
550,Kelsey Snyder,m,169,4,1961-08-30
551,Wesley Jensen,m,190,0,2016-01-23
552,Douglas Stewart,m,201,53,1946-06-26
553,Fernando Graham,f,178,7,1991-02-01
554,Kyle Meyers,m,152,14,1990-05-14
555,Rebecca Smith,m,209,0,2012-09-08
556,Jennifer Barber,m,152,4,1967-06-13
557,Melvin Vaughn,m,191,32,1942-02-20
558,Daniel Soto,f,164,0,1994-04-26
559,Todd Edwards,m,167,0,2015-03-07
560,Jacob Oliver,m,168,8,1990-08-26
561,Paul Rivera,f,172,23,1969-06-30
562,Daniel Clark MD,m,161,1,1976-04-19
563,Andrew Riley,m,195,53,1941-07-03
564,Eric Dudley,f,197,0,2016-10-29
565,Erica Burns,f,180,0,1979-03-15
566,Jerry Montgomery,f,200,76,1921-04-06
567,Rachel Williamson,m,190,1,2003-10-06
568,Erica Mccullough,f,179,20,1913-09-17
569,Jeffery Chavez,f,174,83,1912-08-29
570,Kimberly Becker,m,203,0,2009-01-14
571,Juan Adams,m,160,0,2017-05-10
572,Steven Ferguson,f,204,36,1920-03-24
573,Melissa Hernandez,m,203,34,1951-12-11
574,Stephen Arnold,f,190,0,2009-04-20
575,William Robertson,m,153,8,1971-05-26
576,Amy Hall,f,163,0,2006-04-27
577,Claire Snyder,m,195,0,2001-06-08
578,Robert Sanchez,f,205,3,2001-11-21
579,Deborah Ross,f,162,32,1951-05-18
580,Patricia Evans,m,190,0,2009-04-19
581,Evan Weaver,f,156,44,1945-05-22
582,Tracy James,f,157,3,2001-11-18
583,Jason Carpenter,f,206,1,2004-06-20
584,Sean Rivera,f,156,0,2012-12-28
585,Michael Gilbert,m,207,41,1912-07-04
586,Tracy Decker,m,207,2,1976-11-10
587,Joseph Rodriguez,f,154,20,1982-01-31
588,Karen Nguyen,f,207,27,1957-07-18
589,Pamela Delacruz,m,184,7,1995-11-16
590,Sandra Gates,f,197,1,2004-05-08
591,Patricia Kennedy,f,209,40,1948-03-06
592,Teresa Mckay,f,189,56,1930-02-02
593,Shawn Porter,f,182,2,1994-02-17
594,Amanda Thomas,m,195,2,1987-05-13
595,Rachael Davis,m,173,4,1981-03-02
596,Glenn Everett,m,177,6,1965-11-01
597,Jason Burns,m,209,43,1937-10-19
598,Brenda Wright,m,190,12,1990-09-28
599,Kristi Martinez,f,171,62,1939-09-27
600,Robert Walker,f,182,11,1957-03-07
601,Alexandra Nelson DVM,f,197,8,1953-06-25
602,Lawrence Parker,m,171,92,1907-06-14
603,Lori Berg,m,161,7,1983-02-13
604,Luis Watson,f,160,56,1934-10-08
605,Laurie Martinez,f,159,31,1927-02-13
606,Jessica Dunn,f,195,6,1962-09-07
607,Jenny Greene,f,177,44,1951-03-17
608,Natalie Jones,f,152,5,1999-05-21
609,Wayne Chambers,f,202,9,1984-07-28
610,Gary Reeves,f,201,7,1994-04-20
611,Michael Steele,m,172,39,1946-06-16
612,Carolyn Jones,m,201,8,1920-11-16
613,Mindy Wright,m,178,24,1940-06-07
614,Kevin Barnes,f,172,49,1914-02-14
615,Kara Delgado,m,198,0,2016-02-13
616,William Diaz,f,209,0,2011-08-30
617,Jessica Johnson,f,198,18,1912-06-07
618,Francisco Coleman,f,195,4,1995-03-18
619,Megan Anderson,f,197,17,1972-01-24
620,Sean Browning,f,178,0,2007-01-26
621,Jessica Mendez,f,179,31,1973-11-03
622,Carolyn Payne,f,198,2,1991-05-13
623,Kelly Ramirez,m,173,11,1953-11-21
624,Steven Watson,m,157,0,2017-08-07
625,Alicia Meyer,f,172,0,2005-04-03
626,Richard Cook,m,178,15,1945-06-07
627,Travis Olsen,f,195,14,1974-12-02
628,James Santiago,m,179,88,1915-03-31
629,Sara Chase,m,160,13,1965-02-27
630,Makayla Avery,f,175,3,2000-12-05
631,Nicholas Cook,m,209,83,1908-09-10
632,Kerry James,m,163,0,2009-06-23
633,Jacob Jones,f,163,4,1953-07-05
634,Kelli Glass,f,161,7,1995-03-09
635,Brian Stevens,m,156,64,1938-10-08
636,Kimberly Moran,m,209,3,1999-04-26
637,Brent Luna,f,156,0,2013-06-30
638,Anthony Valdez,m,206,20,1927-03-01
639,Christopher Perry,f,169,26,1977-02-09
640,Joyce Lewis MD,m,174,14,1954-02-22
641,Andrew Ramsey,f,164,11,1969-07-17
642,Erin Morales,m,155,0,2021-01-06
643,Rebecca Graves,m,166,24,1955-02-27
644,Ryan Wood,m,182,85,1912-06-22
645,Erin Cook,f,172,7,1996-03-04
646,Shawn Watson,m,178,37,1924-02-29
647,Jamie Martin,m,209,48,1927-07-22
648,Casey Clarke,m,187,31,1955-05-23
649,Charles Reid,f,177,0,2008-09-20
650,Lori George,f,185,25,1961-09-25
651,Anthony Gonzalez,f,165,10,1937-06-22
652,Jason Johnson,f,187,11,1992-04-19
653,Lisa Mcdonald,f,190,6,1999-04-08
654,Carlos Fox,m,209,44,1942-07-30
655,Jason Smith,m,200,53,1948-10-12
656,Arthur Russo,f,206,4,1999-01-30
657,Debbie Moore,m,157,3,2001-10-21
658,Karen Oliver,m,150,18,1930-09-08
659,Dana Jackson,f,203,18,1983-11-15
660,Raymond Moses,f,187,16,1911-10-14
661,James Jenkins,m,159,34,1950-05-24
662,Robert Butler,f,204,16,1942-09-18
663,Beth Rodgers,f,172,67,1933-08-01
664,Marie Meyer,m,181,58,1920-05-09
665,Melanie Rubio,f,169,29,1932-08-10
666,Aaron Davis,m,187,16,1972-03-20
667,Justin Richardson,m,159,71,1912-04-09
668,Gina Evans,f,200,11,1983-12-25
669,Regina Donaldson,m,200,0,1994-08-25
670,Jermaine Sanchez,f,157,37,1962-04-15
671,Mary Rivera,m,151,35,1937-05-21
672,Brittany Lopez,m,194,15,1983-01-30
673,Bonnie Poole,f,199,36,1946-10-11
674,Ryan Robinson,f,169,69,1909-11-12
675,Jerry Wade,m,186,0,2015-10-10
676,Brad Clark,m,188,18,1956-12-13
677,Wayne Brown,f,154,15,1979-11-18
678,Timothy May,f,178,22,1959-04-15
679,Michael Jimenez,m,175,11,1970-04-10
680,Timothy Miles,f,199,29,1913-11-27
681,Michael Martin,m,151,44,1944-05-11
682,Travis Gonzalez,f,190,47,1941-06-19
683,Katherine Carlson,f,191,25,1963-02-16
684,Sara Phillips,m,202,18,1983-05-12
685,Brian Tran,f,174,3,2002-06-14
686,Carolyn Macias,f,172,14,1955-07-20
687,Danielle Russell,m,176,86,1919-09-15
688,Jessica Burnett,m,197,2,2002-08-09
689,Maxwell Thomas,m,153,1,1990-03-09
690,Benjamin Green,m,169,22,1948-07-03
691,Laurie Morton,m,177,12,1905-09-20
692,Denise Caldwell,f,172,44,1935-10-12
693,Kendra Banks,f,150,7,1910-06-26
694,Linda Rodriguez,f,163,27,1920-02-19
695,Victoria Cooper,m,203,18,1967-03-31
696,Robert Perez,m,160,0,2010-09-05
697,Aaron Scott,m,161,23,1978-04-25
698,Jade Macdonald,m,173,0,2018-03-04
699,Norman Taylor,m,159,0,2006-07-03
700,John Martinez,m,184,0,2007-02-27
701,Jeffrey Roach,m,207,2,1971-01-13
702,Alyssa Reynolds,m,167,7,1973-04-17
703,Darlene Bennett,f,197,5,1997-09-07
704,Bobby Diaz,f,165,33,1955-05-13
705,Joseph Stewart,f,155,16,1979-03-20
706,Steven Miller,f,152,0,2009-09-03
707,Kathryn Sanchez,f,198,11,1986-12-24
708,Jane Lewis,f,185,0,2015-07-11
709,Stephen Bell,m,187,31,1961-10-05
710,Jacqueline Garza,f,172,10,1995-02-04
711,Michael Hart,m,199,15,1973-11-14
712,Kristina Mcdonald,m,170,2,1996-06-22
713,Mark Meyer,f,182,7,1960-04-09
714,David Lopez,m,185,0,2007-06-14
715,Christopher Jacobs,m,165,48,1933-08-03
716,Beth Meyers,f,210,51,1935-07-20
717,Catherine Hernandez,f,201,0,2015-01-26
718,Roger Summers,m,173,0,1997-10-15
719,Thomas Williams,m,196,8,1985-07-22
720,Cassandra Wheeler,f,170,50,1909-08-18
721,Miranda Ruiz,m,195,0,1988-07-15
722,Kaitlyn Anderson,f,160,74,1921-11-25
723,Rodney Winters,f,208,4,1994-01-07
724,Emily Edwards,m,178,0,2017-10-16
725,John Pena,m,181,6,1935-04-30
726,Jimmy Lynch MD,m,183,13,1989-01-15
727,Vincent Mcneil,m,161,8,1986-06-12
728,Raymond Hicks,f,164,46,1919-07-15
729,Emma Williams,f,158,57,1942-08-20
730,Paul Landry,f,181,5,1992-07-10
731,Andrea Baker,m,188,5,1965-11-11
732,Cynthia White,m,192,24,1915-07-09
733,Jenny Jones,m,157,30,1935-02-11
734,Jeremy Bryant,f,172,4,1988-10-03
735,Cynthia Harper,m,173,1,2000-06-04
736,Christopher Hampton,f,173,0,2003-03-01
737,Ashley Adams,f,151,12,1962-08-24
738,Jeanne Mason,m,174,33,1928-06-18
739,Michael Wagner,f,152,43,1948-04-05
740,Catherine Bray,f,173,2,1986-07-08
741,Melanie Jones,m,205,21,1939-07-10
742,Monica Simon,f,176,1,2001-01-23
743,George Mcclure,f,161,72,1927-02-13
744,Darren Maxwell,f,176,11,1990-04-07
745,Kelly Griffin,m,193,1,2004-01-12
746,Elizabeth Clark,m,206,7,1952-04-18
747,Kenneth Levy,m,182,14,1922-01-20
748,Mrs. Danielle Garcia,f,155,6,1971-07-13
749,Ronald Mercado,m,201,4,1946-04-09
750,Brent Robinson,m,184,36,1959-01-20
751,Edward Burke,m,194,8,1966-05-03
752,Eric Paul,m,193,8,1992-11-09
753,Bruce Ross,f,164,40,1928-09-20
754,Christine Green,m,186,19,1982-10-31
755,Dalton Reynolds,m,168,55,1949-07-24
756,William Luna,f,197,35,1969-08-20
757,Daryl Gutierrez,f,163,51,1947-10-11
758,April Gibson,f,198,34,1940-11-28
759,Nicole Howard,f,192,30,1942-10-16
760,Cristian Fuller,m,178,5,1983-11-06
761,Thomas Clarke,f,205,20,1974-12-09
762,Russell Davis,m,198,12,1907-04-14
763,William Schaefer,f,202,12,1956-07-06
764,Zachary Gonzalez,f,176,1,1976-01-20
765,David Brown,f,188,36,1968-11-07
766,Amanda Brown,m,187,0,2003-10-22
767,Alexandra Walker,m,176,2,1998-12-29
768,Jason Anthony,m,188,5,1991-11-08
769,Kathryn Mills DDS,f,156,1,2004-02-07
770,Susan Martin,m,201,10,1976-09-06
771,Anthony Bond,f,163,26,1929-07-14
772,Keith Holloway,m,195,11,1965-04-28
773,Kelly Hammond,m,182,2,2002-10-14
774,Rebecca Davis,f,176,15,1969-02-19
775,Gail Caldwell,f,175,5,1996-07-21
776,Bradley Taylor,m,192,1,1915-02-26
777,Eric Hanson,f,202,49,1911-05-15
778,Patricia Ortega,f,160,4,1964-04-26
779,Shane Gonzales,m,155,13,1977-11-22
780,Claire Davis,m,167,2,2002-04-08
781,Christopher Gonzalez,m,195,70,1922-06-20
782,Kristi Sims,m,189,6,1974-09-24
783,Karen Fox,m,193,0,1948-02-07
784,Tyler Daugherty,f,152,3,1928-03-30
785,Erika Perry,f,164,2,1960-02-09
786,Nicole Palmer,f,178,2,1986-11-14
787,Miss Alexandra Foster,m,156,17,1981-07-23
788,Sonya Woods,f,207,0,2016-04-19
789,Danielle Gutierrez,f,155,4,1981-03-28
790,Christina Martinez,m,199,25,1951-09-07
791,Matthew Roberts,m,189,24,1974-04-29
792,Michael Houston,m,155,23,1930-03-18
793,Angela Baldwin,m,192,37,1951-11-11
794,Jeremy Ellis,m,170,0,2020-10-12
795,Michelle Murphy,f,170,70,1922-03-26
796,Christopher Jackson,f,152,0,2015-01-01
797,Peter Park,f,183,7,1926-03-20
798,Courtney Hendricks,f,189,8,1995-02-16
799,Meghan Mccarthy,f,205,17,1928-11-29
800,Ashley Fernandez,m,183,32,1965-03-10
801,Angela Jones,f,189,23,1970-06-22
802,Jacob Smith,m,204,24,1942-07-12
803,Joshua Taylor,m,177,3,1966-01-23
804,Scott Adkins,f,182,3,1991-12-25
805,Ryan Mitchell,m,210,49,1908-11-21
806,Kristy Rojas,m,178,24,1974-03-07
807,Cassie Owens,m,174,67,1914-01-12
808,Reginald Lee,f,150,3,1968-01-15
809,Traci Thomas,m,176,32,1960-07-28
810,James Patel,m,195,29,1911-08-03
811,Sara White,m,152,0,2010-08-09
812,Nicholas Hughes,m,154,53,1941-06-21
813,Paula Gonzalez,m,208,78,1919-07-20
814,Edward Coleman,m,176,0,2007-08-06
815,Heidi Leach,m,189,15,1953-06-14
816,Shawn Goodwin,f,176,45,1951-11-21
817,Rhonda Curtis,m,163,1,2003-07-12
818,Joshua Wiggins,f,155,6,1999-07-10
819,Collin Hodges,m,206,5,1995-10-11
820,Angela Snow,f,203,40,1942-07-26
821,Mindy Davis,m,197,22,1960-09-02
822,Sarah Paul,m,188,51,1914-05-11
823,Michael Young,m,163,41,1963-03-24
824,Bruce Ramirez,m,183,4,1963-04-18
825,Benjamin Shannon,f,151,65,1935-09-28
826,Laura Barker,m,185,2,1968-02-11
827,Adam Thompson,m,166,69,1913-03-16
828,Sherri Hobbs,f,173,0,2013-06-26
829,Rebecca Perez,m,153,3,1974-06-07
830,Austin Morris,m,185,0,2011-10-14
831,Francisco Cox,m,172,3,1973-04-25
832,Jesse Morgan,m,194,19,1971-12-21
833,Lindsey Davis,m,181,6,1990-10-17
834,Lindsay Gordon,m,157,5,1980-08-29
835,Renee Green,f,165,34,1958-11-07
836,Cory Mccarty,m,200,0,2000-05-03
837,Cheryl Johnson,m,164,17,1988-01-28
838,Connor Garza,m,171,46,1931-05-11
839,Erin Howell,m,180,90,1908-12-14
840,Charles Barr,f,182,23,1958-03-13
841,Douglas Hayes,f,154,63,1935-05-13
842,Jordan Garcia,m,199,8,1950-08-05
843,Sandra Fuller,m,191,8,1938-05-08
844,Stephanie Weber,m,172,4,1993-05-03
845,Jesus Ferguson,f,172,15,1934-10-13
846,Theresa Martin,m,156,0,1948-09-14
847,Linda Dougherty,m,207,26,1916-12-04
848,Ashley Young,f,161,1,2003-06-10
849,Elizabeth Keller,m,195,11,1988-03-31
850,Adriana Walker,f,194,43,1937-10-09
851,Taylor Graham,m,157,28,1959-09-08
852,Cathy Page,f,196,25,1969-12-03
853,Wendy Goodman,f,164,1,1999-07-03
854,Dawn Kelly,m,195,75,1914-07-12
855,Bianca Long,f,181,45,1915-11-18
856,Jordan Garcia,f,191,12,1969-04-14
857,Linda Smith,f,201,9,1984-09-09
858,Michael Flores DDS,m,166,20,1949-04-03
859,Kristin Wilson,m,169,8,1922-02-16
860,Russell Brown,f,183,42,1948-05-04
861,Victoria Jenkins,f,155,1,1998-12-03
862,Megan Reeves,f,178,26,1949-10-08
863,Patricia Lee,f,196,8,1945-03-16
864,Katie Weber,f,194,46,1943-08-05
865,Paula Roberts,f,168,66,1923-03-03
866,Dr. Douglas Munoz,m,209,0,2019-05-17
867,Kelsey Valenzuela,m,151,0,2012-09-05
868,Mackenzie Johnson,m,198,0,2020-07-20
869,Laura Walker,f,173,12,1955-03-20
870,Christine Nichols,m,161,0,1984-03-18
871,Valerie Park,m,156,10,1992-12-06
872,Carolyn Spencer,m,186,3,1992-07-22
873,Darlene Frazier,m,210,9,1995-12-13
874,Alyssa Flores,f,188,0,2008-05-31
875,Laura Berger,m,194,28,1955-01-11
876,Lauren Barrera,m,165,38,1950-06-26
877,Melanie Hernandez,m,150,41,1956-12-30
878,Rachel Gibbs,f,161,1,2000-05-08
879,Brittany Baker,f,193,0,2010-10-05
880,Cynthia Huang,f,163,38,1967-07-11
881,Cheryl Watson,f,150,10,1994-10-06
882,Steven Horne,m,151,32,1929-03-17
883,Heather Simpson,f,158,5,1991-01-14
884,Sean May,m,176,24,1959-12-17
885,Christina Reed,m,205,9,1988-10-10
886,Eileen Lewis,m,155,47,1946-08-12
887,Melissa Johnson,f,162,39,1918-09-25
888,April Wilson,m,167,0,2019-09-11
889,Gerald King,m,199,58,1932-10-15
890,Terry Lucas,f,193,35,1915-08-06
891,Brandon Abbott,f,167,9,1951-06-18
892,Raymond Cox,f,184,19,1982-09-23
893,Travis Gilbert,f,170,21,1937-05-13
894,Lindsay Pace,f,169,40,1960-01-25
895,Lisa Hamilton,f,193,20,1957-07-21
896,Lisa Meza,f,153,14,1976-11-26
897,Janice Anderson,f,178,7,1982-10-01
898,Kimberly Martin,f,180,5,1913-08-01
899,Jon Rose,f,205,0,2008-03-05
900,Stacey Galvan,f,190,24,1935-07-07
901,Lawrence Holloway,f,152,0,2008-07-09
902,Paula Hill,m,203,34,1950-08-07
903,Laura Sandoval,m,174,15,1951-11-02
904,Nancy Phelps,f,193,19,1955-02-25
905,Robert Clements,f,180,14,1966-09-22
906,Ryan Jordan,f,150,42,1919-10-29
907,Dale White,m,170,7,1988-04-19
908,Michelle Cox,f,192,59,1915-06-19
909,Manuel Richardson,f,191,23,1944-02-03
910,Kathleen Taylor,f,205,7,1992-10-18
911,Melissa Case,f,173,8,1996-08-05
912,Adrienne Salazar,m,195,52,1923-12-27
913,Colton Thompson,m,209,16,1920-08-03
914,Christopher Moore,m,210,27,1966-09-30
915,Stephanie Goodman,f,154,24,1917-11-06
916,Aaron Juarez,f,186,39,1956-05-23
917,Carl Ruiz,f,169,0,2011-07-26
918,Denise Montgomery,f,183,33,1939-03-18
919,Pamela Holland,f,209,21,1968-10-06
920,Joshua Patton,m,205,29,1914-01-13
921,David Smith,f,171,18,1985-07-05
922,Timothy Lee,m,199,11,1948-04-10
923,Christine Butler,m,166,0,2009-12-02
924,Shari Velazquez,m,156,58,1923-09-30
925,Anthony Zimmerman,m,199,0,2016-11-02
926,William Johnson,m,167,67,1908-01-21
927,Jennifer Foster,m,171,1,2000-11-17
928,Sandra Choi,m,201,2,1974-12-12
929,Alexander Zuniga,f,156,39,1959-03-18
930,George Gray,f,171,76,1913-12-31
931,John Griffith,m,207,0,2014-04-22
932,Brandon Rodriguez,m,152,11,1918-07-01
933,Donna Brown,m,150,0,2018-09-02
934,Monica Smith,f,174,20,1964-01-28
935,Erin Blake,f,177,7,1989-12-16
936,Bryan Welch,f,184,54,1921-10-17
937,Christina Rasmussen,f,163,72,1929-06-03
938,Christopher Clay,f,204,53,1940-06-19
939,Heather Frederick,f,198,21,1983-03-09
940,Mark Yates,f,160,7,1994-08-16
941,Charles Castillo,f,151,0,2020-11-19
942,Judy Spears MD,f,190,64,1908-04-12
943,Stephanie Taylor,m,168,4,1990-06-13
944,Paul Lyons,m,176,4,1935-01-09
945,Gregory Williams,f,181,66,1915-10-11
946,Maria Warner,m,206,5,1946-03-11
947,Michael Brewer,m,172,10,1986-11-06
948,Julie Coffey,m,194,0,2005-06-05
949,John Anderson,f,174,0,2003-01-07
950,Charles Vaughn,m,200,7,1965-04-05
951,Alan Sanchez,f,152,24,1942-06-20
952,Nicole Maxwell,f,192,3,1949-12-05
953,Daniel Lester,m,202,14,1972-01-01
954,Sandra Marshall,m,158,0,2013-12-15
955,Amanda Cherry,f,203,6,1963-02-17
956,Joel Kramer,f,158,0,2005-07-03
957,Robert Harrell,f,160,20,1981-03-16
958,Tracy Sanders,f,185,16,1929-06-16
959,Vanessa Johnson,m,156,26,1934-03-09
960,Richard Miller,m,161,22,1973-05-10
961,Laura Cox,m,204,79,1915-03-11
962,Paul Johnson,f,168,27,1942-03-07
963,Danielle Gibson,m,181,0,2019-02-20
964,David Diaz,m,200,40,1938-12-12
965,Martin White,f,181,40,1958-02-16
966,Christine Little,m,160,26,1968-07-26
967,David Collier,f,209,0,2008-01-13
968,Michelle Blair,f,161,29,1933-03-30
969,Gabriela Cruz,m,204,60,1922-07-20
970,Donald Ferrell,m,154,15,1977-10-29
971,Stephen Williams,m,171,22,1982-10-01
972,Robert Jones,m,158,0,2020-12-12
973,Taylor Harper,m,173,36,1959-02-14
974,Marcia Keith,f,191,8,1966-05-27
975,Scott Carr,f,204,4,1943-03-10
976,Craig Jones,f,180,6,1982-01-06
977,Tina James,f,203,0,1913-12-05
978,Aaron Myers,m,174,5,1962-10-01
979,Amanda Foster,m,207,1,1995-01-03
980,Randy Nichols,m,191,39,1963-03-02
981,Scott Jenkins,f,172,10,1972-04-16
982,David Reid,m,206,38,1960-02-24
983,Heather Kennedy,f,196,27,1977-04-25
984,Laura King,f,169,37,1952-12-03
985,Dana Johnson,m,206,0,2004-01-05
986,Aaron Davis,m,206,39,1947-05-08
987,Michael Fischer,m,206,40,1950-09-11
988,Jessica Murphy,m,188,4,1998-11-11
989,Robin Delgado,f,196,14,1957-10-30
990,Sharon Anderson,m,173,0,2018-11-10
991,Allison Holmes,f,173,22,1981-06-28
992,Angie Hernandez,f,184,10,1988-05-04
993,Diamond Russell,f,164,12,1943-02-03
994,Jeffrey Smith,f,205,34,1943-05-12
995,Sara Sullivan,f,179,5,1948-03-07
996,Linda Jones,f,156,6,1997-02-10
997,Michael Sullivan,m,179,13,1984-05-08
998,Taylor Vega,m,168,26,1921-07-07
999,Angela Campbell,m,153,4,1968-09-15
1000,Whitney Rodriguez,f,153,47,1947-09-30
