6241 NW,895,524,four-wheel,GhostWhite,reclining
0ZZ2369,785,732,four-wheel,LightSlateGray,covered
407 JIL,588,898,four-wheel,LightCoral,glazed
38XY492,748,970,rear,AliceBlue,reclining
0160 HJ,849,663,four-wheel,DarkRed,covered
242 VIJ,814,909,front-wheel,Khaki,glazed
75BU444,456,890,front-wheel,MintCream,covered
IBJ-187,348,407,front-wheel,DeepPink,reclining
0570 DQ,18,275,four-wheel,LightGreen,reclining
8880,925,642,front-wheel,Ivory,covered
KWI 160,181,886,front-wheel,Silver,covered
6XB 896,103,861,four-wheel,Snow,reclining
7CIZ 85,59,850,four-wheel,MintCream,reclining
WDY-7529,960,911,rear,LightSkyBlue,reclining
ZEP 659,507,343,front-wheel,Maroon,covered
8-59295,132,428,rear,Silver,reclining
RG9 D5E,640,770,four-wheel,Coral,glazed
4RD 749,433,230,four-wheel,PaleTurquoise,reclining
GG7 P2U,188,782,front-wheel,DarkSeaGreen,reclining
9256,367,571,four-wheel,LightGray,reclining
134 4ZT,717,854,rear,LemonChiffon,reclining
6IS 723,79,35,rear,PapayaWhip,glazed
HLP-670,100,114,front-wheel,Salmon,reclining
KX-2481,802,74,front-wheel,FloralWhite,glazed
SBM-821,173,617,rear,Lavender,glazed
987P,364,97,rear,DarkGreen,covered
930 QI4,867,543,four-wheel,Violet,glazed
16-7822Y,769,879,rear,GoldenRod,reclining
359 BMM,882,926,front-wheel,White,reclining
CR9 D0V,99,782,four-wheel,CadetBlue,covered
1UK05,944,698,front-wheel,PapayaWhip,covered
5RU6573,322,638,front-wheel,LightSeaGreen,glazed
NIF 5187,143,686,front-wheel,Aquamarine,reclining
776 MYX,51,467,four-wheel,Fuchsia,reclining
ORV1325,918,252,front-wheel,Azure,reclining
279KTV,903,123,rear,Sienna,reclining
EOT 813,598,711,four-wheel,PeachPuff,reclining
02J-710,381,214,four-wheel,AntiqueWhite,glazed
LKQ 133,536,863,four-wheel,PaleGreen,covered
WJN7595,990,64,rear,PeachPuff,glazed
AJ 1103,128,351,rear,Indigo,covered
LEJ 206,468,862,front-wheel,DarkViolet,glazed
VEI-4753,720,569,front-wheel,Plum,covered
189ZVE,230,822,front-wheel,MediumOrchid,reclining
513 DLI,331,649,front-wheel,DarkBlue,reclining
0CT X51,283,255,rear,MediumBlue,covered
11-MD62,852,235,front-wheel,Snow,glazed
D23 5UG,579,621,four-wheel,Maroon,covered
558C,515,461,rear,Plum,glazed
9ZV 484,769,923,rear,DarkSlateGray,covered
UJK-951,708,360,front-wheel,DarkSalmon,covered
58-B271,991,163,front-wheel,Salmon,covered
464 TFJ,150,659,rear,PaleGreen,glazed
940-VXA,972,155,rear,DarkGray,reclining
IDS 170,997,619,front-wheel,Purple,covered
55-8179T,47,365,front-wheel,Aqua,covered
9931,394,793,rear,MediumSpringGreen,covered
708-TUY,790,744,four-wheel,Linen,covered
HKD 142,27,978,four-wheel,LightSlateGray,covered
705-VEL,851,175,rear,SandyBrown,reclining
468E6,898,250,front-wheel,DarkSlateBlue,glazed
881 CSK,922,632,rear,Fuchsia,reclining
5FY0648,260,684,front-wheel,Magenta,reclining
1NU65,685,421,front-wheel,Crimson,reclining
0U QC098,232,122,four-wheel,Crimson,glazed
611SSH,237,175,front-wheel,LightPink,glazed
I78 0JN,562,895,front-wheel,DarkViolet,glazed
DB6 G4R,940,152,front-wheel,MediumOrchid,covered
LZY 448,574,306,front-wheel,YellowGreen,glazed
5LN1396,44,529,front-wheel,OrangeRed,covered
D57 2YA,850,793,front-wheel,BurlyWood,reclining
RNX 541,737,811,rear,LightGray,covered
087-GOR,344,89,rear,Teal,covered
6G 35148,800,915,rear,LightGoldenRodYellow,reclining
6FC81,783,830,four-wheel,Snow,glazed
NLZ 963,49,971,front-wheel,Salmon,covered
Y35-83Z,397,391,rear,DimGray,glazed
MZI 574,187,890,rear,Yellow,glazed
958-YJV,909,483,rear,BurlyWood,reclining
0IN63,986,47,four-wheel,Tan,glazed
439-IBM,359,743,rear,AntiqueWhite,glazed
R38-38K,363,567,four-wheel,SlateBlue,covered
0CG U72,831,667,four-wheel,Maroon,covered
ZSL-759,799,95,front-wheel,Snow,glazed
BV0 7844,820,674,front-wheel,FloralWhite,reclining
CHE-9538,488,257,front-wheel,YellowGreen,glazed
9S 4L8NPF,507,10,rear,OrangeRed,reclining
ZVX 576,731,695,rear,DarkGray,reclining
9YQ15,25,194,rear,Tan,reclining
CI7 O8T,518,666,front-wheel,Pink,covered
ONG V84,29,64,four-wheel,Green,covered
664 IX8,924,894,front-wheel,Yellow,covered
BDX O17,622,218,front-wheel,YellowGreen,covered
UUB 787,932,165,front-wheel,YellowGreen,covered
46J Y16,225,831,rear,RoyalBlue,glazed
6VH X33,371,739,rear,Tan,covered
096-UBG,436,751,four-wheel,CornflowerBlue,glazed
5K KE551,79,860,front-wheel,LightGray,glazed
757-ECU,620,616,four-wheel,Ivory,glazed
079 CHB,188,926,front-wheel,Silver,covered
214 JBQ,902,842,front-wheel,PowderBlue,reclining
QDY5807,835,319,rear,SlateGray,covered
804 NR1,81,527,front-wheel,Tomato,glazed
66-27699,572,612,rear,LightBlue,reclining
6230,791,369,four-wheel,MediumSpringGreen,glazed
OJZ-0868,776,429,four-wheel,DarkSalmon,reclining
XVM-077,984,110,front-wheel,Magenta,reclining
ABI 971,43,44,front-wheel,Aqua,covered
U49 9OT,815,475,four-wheel,SlateBlue,covered
C37 1AS,133,884,front-wheel,Pink,reclining
44H-294,918,638,four-wheel,LawnGreen,covered
3WBE 43,949,183,four-wheel,PowderBlue,glazed
ZWD 798,743,610,front-wheel,DarkGreen,reclining
BSN-230,970,584,front-wheel,AntiqueWhite,covered
YDN-492,573,186,front-wheel,DarkCyan,covered
227-500,535,560,front-wheel,MintCream,reclining
763-VAF,690,208,front-wheel,DarkOrchid,glazed
037H,925,988,rear,ForestGreen,covered
9TW 112,787,669,front-wheel,AliceBlue,glazed
DWF-780,653,122,four-wheel,LimeGreen,reclining
840 XAK,932,347,rear,DarkSlateBlue,covered
XE 6140,147,937,rear,Chocolate,reclining
412P0,461,798,four-wheel,MediumSlateBlue,covered
315JTQ,896,389,rear,LavenderBlush,glazed
Q93 6AU,976,850,four-wheel,OrangeRed,reclining
1172 JK,969,661,front-wheel,DimGray,covered
LOS 402,700,231,four-wheel,DarkKhaki,glazed
589-FXB,312,209,front-wheel,Orange,reclining
57O 5945,928,198,rear,LavenderBlush,glazed
ZZL 799,268,711,front-wheel,IndianRed,glazed
URA-245,166,283,rear,Peru,reclining
01-48384,24,323,front-wheel,PaleVioletRed,glazed
21UR6,553,488,four-wheel,Green,glazed
99C 9044,325,182,four-wheel,DarkOrange,glazed
D 782866,174,525,four-wheel,Yellow,glazed
31-L821,39,95,rear,PeachPuff,covered
YPS-1125,803,303,front-wheel,PaleGreen,covered
RVH 422,596,271,rear,RoyalBlue,covered
XEO 129,145,728,rear,Pink,glazed
3-11495G,658,764,four-wheel,SpringGreen,covered
02J HT2,2,918,four-wheel,MediumAquaMarine,reclining
194 DZ2,827,490,rear,Orchid,glazed
35B BE6,287,353,front-wheel,Teal,reclining
74XB6,136,482,rear,DarkGoldenRod,reclining
OBQ-2025,64,571,four-wheel,White,glazed
6PI T77,18,225,front-wheel,LightYellow,reclining
500 RFA,740,358,four-wheel,LightSeaGreen,reclining
430 QOP,449,704,front-wheel,LightSkyBlue,glazed
475-UGS,592,105,four-wheel,HoneyDew,reclining
WJD 504,683,41,front-wheel,Red,covered
948 1OE,623,739,front-wheel,PaleVioletRed,glazed
41-X651,401,745,front-wheel,Lavender,glazed
JAR-973,37,228,rear,MintCream,covered
JGY-626,594,173,rear,PeachPuff,reclining
FJO-1083,778,537,four-wheel,DarkGreen,reclining
KTO 454,55,328,front-wheel,Wheat,reclining
KW 20852,113,159,front-wheel,Tomato,glazed
96C 6368,397,851,rear,MediumSlateBlue,covered
U73-69N,925,460,front-wheel,GhostWhite,glazed
BJL 761,986,909,four-wheel,Salmon,reclining
LMY 419,201,699,four-wheel,DimGray,glazed
9M 0762X,654,490,rear,SkyBlue,covered
EXO 702,745,232,rear,RosyBrown,covered
6687 YO,940,703,four-wheel,DarkKhaki,glazed
8T865,251,888,four-wheel,Lime,reclining
7Y 0765O,66,927,four-wheel,LightGoldenRodYellow,reclining
353H0,587,826,front-wheel,AntiqueWhite,glazed
USR-2919,809,856,rear,DarkSalmon,reclining
S32 4SB,148,146,four-wheel,LightGreen,covered
786 2DC,854,869,four-wheel,Gold,glazed
GJU 329,915,529,four-wheel,Purple,covered
4-S7772,636,747,four-wheel,Ivory,reclining
108D,826,939,front-wheel,LightCoral,reclining
59-63657,299,586,rear,LightSteelBlue,reclining
OL 5929,687,207,rear,Khaki,glazed
FLH-8011,496,918,front-wheel,SlateGray,reclining
7284,139,887,four-wheel,DarkTurquoise,glazed
MGX 630,80,572,four-wheel,DarkCyan,reclining
ISV5475,526,579,rear,NavajoWhite,glazed
123 VPJ,177,321,rear,LawnGreen,reclining
275 ZJT,569,478,four-wheel,Bisque,reclining
8LEL 48,997,524,four-wheel,OrangeRed,glazed
262-JUBL,615,176,front-wheel,DarkOrchid,reclining
4-32496,476,473,four-wheel,LightCoral,glazed
E71-URZ,903,232,four-wheel,DarkSlateGray,glazed
639578,578,785,front-wheel,LightPink,covered
C82 1ZS,880,936,rear,DarkOrchid,reclining
9UD0038,22,857,rear,OldLace,glazed
0K 9655O,95,968,front-wheel,DarkGreen,covered
365 6EX,362,337,front-wheel,LightSeaGreen,glazed
8LU 758,797,448,rear,DarkGray,glazed
337 CBH,294,419,front-wheel,OliveDrab,glazed
3J272,887,295,rear,HotPink,glazed
SD-4614,534,397,four-wheel,LightSalmon,glazed
65N Z46,665,920,four-wheel,MediumBlue,reclining
6-42371C,164,561,front-wheel,PeachPuff,covered
ZRE 2460,326,8,four-wheel,PaleTurquoise,glazed
202 1YQ,798,635,four-wheel,DarkSlateBlue,glazed
3-25707K,301,595,rear,OliveDrab,covered
376-PST,30,313,four-wheel,Plum,reclining
HUD-4667,277,141,rear,PaleGoldenRod,reclining
UNY-780,739,527,front-wheel,SpringGreen,covered
413-EEG,943,698,front-wheel,LightBlue,glazed
3DS31,737,718,front-wheel,LawnGreen,covered
31W X17,25,906,four-wheel,DarkTurquoise,covered
ZJC T22,582,730,front-wheel,PaleTurquoise,glazed
1-5447P,883,926,four-wheel,DeepSkyBlue,glazed
5PR 670,621,897,four-wheel,LemonChiffon,reclining
806-OTWR,629,880,rear,HoneyDew,covered
4UG 951,613,525,front-wheel,PaleTurquoise,reclining
001-QEU,313,480,front-wheel,LightBlue,covered
BQO-8645,331,631,front-wheel,Olive,glazed
141D2,121,838,four-wheel,Beige,reclining
8T D3452,999,983,front-wheel,Indigo,reclining
97WK565,814,330,four-wheel,Pink,reclining
2ERS 95,569,551,four-wheel,Brown,reclining
3JR A75,174,229,four-wheel,LightGreen,glazed
976 AKK,322,822,front-wheel,SpringGreen,covered
ZM-8679,120,860,front-wheel,LightCoral,glazed
8LT0284,48,519,front-wheel,AntiqueWhite,covered
EV-3952,149,761,four-wheel,OrangeRed,glazed
DCN-833,352,178,rear,MediumPurple,reclining
IUJ-985,870,722,four-wheel,FireBrick,glazed
XVW C58,244,69,four-wheel,Purple,glazed
4DD4006,95,546,rear,Gray,covered
HTP 137,270,524,front-wheel,MediumSpringGreen,covered
99-13410,893,825,rear,LightCyan,glazed
JI 0981,99,606,rear,Moccasin,glazed
30-3021X,848,844,four-wheel,YellowGreen,reclining
GP 9097,524,310,front-wheel,DarkTurquoise,covered
HLD8567,684,293,front-wheel,Aqua,glazed
V31-SPT,195,230,front-wheel,Silver,covered
62Z M24,464,442,rear,Crimson,reclining
Q63-69J,223,717,four-wheel,CadetBlue,covered
RJN1932,365,67,four-wheel,LightSlateGray,covered
64O-104,750,651,rear,HotPink,covered
70N EO9,291,169,front-wheel,LightGray,covered
HOY 332,693,422,rear,PaleGreen,covered
499Y9,983,806,front-wheel,LightYellow,glazed
7VQA154,747,986,four-wheel,GhostWhite,covered
3GY1490,144,72,rear,Wheat,covered
287E3,450,448,front-wheel,LightSlateGray,reclining
XIL 159,912,620,four-wheel,Blue,reclining
6RS 298,993,973,front-wheel,DeepPink,covered
58-G669,477,27,front-wheel,DeepSkyBlue,covered
5E 83551,427,40,rear,DarkSeaGreen,covered
4WZ 017,804,367,rear,Brown,covered
558 1VG,492,705,front-wheel,NavajoWhite,glazed
MON-4056,125,108,front-wheel,DarkSeaGreen,glazed
STW 952,742,343,front-wheel,Beige,reclining
830 YFA,935,38,four-wheel,DarkCyan,reclining
31-61107,102,298,four-wheel,LimeGreen,covered
NQO0540,368,217,rear,SeaShell,glazed
052 GQU,547,61,front-wheel,Gold,glazed
L87 9TA,659,140,four-wheel,IndianRed,reclining
NRN-3346,490,848,rear,Turquoise,glazed
749 VAO,622,388,front-wheel,Brown,glazed
3EO8880,450,649,four-wheel,OrangeRed,reclining
LVI 425,802,631,front-wheel,DeepSkyBlue,reclining
XWP-7785,526,258,rear,Blue,glazed
NJL 059,96,45,four-wheel,MediumSpringGreen,covered
SQV-6939,891,481,four-wheel,Pink,covered
FDU 696,926,456,front-wheel,PapayaWhip,reclining
347-VPZ,85,465,rear,BurlyWood,glazed
499-915,590,497,rear,LightGoldenRodYellow,reclining
147XO,167,355,front-wheel,Moccasin,reclining
9SH6426,677,108,four-wheel,LightSeaGreen,reclining
989 CGH,166,940,rear,HoneyDew,glazed
OIA-0342,557,951,four-wheel,Green,glazed
2B FO943,460,684,front-wheel,BlueViolet,reclining
97ZJ296,585,39,four-wheel,Ivory,covered
882 8JP,150,118,front-wheel,LightSkyBlue,reclining
0L 3305L,470,982,rear,Green,reclining
X85 3QA,149,693,rear,LightPink,reclining
17-78093,572,470,four-wheel,Red,glazed
457YNA,750,112,rear,LightSlateGray,glazed
82-29388,984,256,four-wheel,Linen,reclining
894 RMC,411,978,four-wheel,PaleGoldenRod,reclining
MFE 684,801,745,rear,Violet,reclining
ZEZ-486,633,388,rear,MintCream,reclining
LTO-102,799,831,four-wheel,DarkOrange,reclining
N 880924,639,855,front-wheel,Khaki,reclining
I21-33X,98,250,rear,CadetBlue,covered
LNT 445,148,805,front-wheel,LightGoldenRodYellow,covered
433 WSL,497,744,front-wheel,DarkViolet,glazed
WG1 H5B,159,651,front-wheel,SteelBlue,glazed
HE-8202,344,784,four-wheel,Cyan,glazed
50-5054G,377,932,four-wheel,SeaShell,covered
ULX-7968,546,76,front-wheel,DarkGray,glazed
8F 3D0USL,569,675,four-wheel,Fuchsia,glazed
162 AAD,921,999,four-wheel,DarkKhaki,reclining
8593 VO,123,653,front-wheel,Ivory,covered
YL 2004,927,765,four-wheel,DeepSkyBlue,glazed
OKL 623,173,831,front-wheel,LightSteelBlue,covered
JKN-934,430,727,four-wheel,MediumSpringGreen,glazed
2NI O63,776,415,front-wheel,Khaki,glazed
44C T16,927,502,front-wheel,Maroon,glazed
ISB 790,27,173,front-wheel,BurlyWood,covered
0WZ1921,909,466,four-wheel,Linen,glazed
ATN 414,18,632,four-wheel,SpringGreen,reclining
MCS 664,961,102,front-wheel,Olive,covered
182 LFH,236,995,rear,GreenYellow,covered
4ML F34,728,76,rear,Orchid,reclining
HAT-096,679,701,four-wheel,Maroon,covered
KWM 556,658,194,rear,SteelBlue,covered
58-63979,66,944,front-wheel,Red,covered
VJO-4336,674,855,front-wheel,Tomato,reclining
09KZ7,169,330,front-wheel,MediumTurquoise,reclining
X64 7XZ,196,801,front-wheel,SpringGreen,glazed
OH 87571,406,884,front-wheel,LightSalmon,reclining
QPL2093,314,428,four-wheel,SeaShell,covered
371-YZG,37,223,rear,DarkSlateBlue,glazed
WP2 K8V,58,433,four-wheel,DeepPink,glazed
G49-71I,563,646,front-wheel,LimeGreen,glazed
XAP-879,389,9,front-wheel,Orange,glazed
LFS 860,722,139,four-wheel,LightSkyBlue,reclining
727494,8,674,four-wheel,Olive,covered
70UV103,820,588,rear,LightSkyBlue,glazed
CV7 3734,208,303,front-wheel,LavenderBlush,glazed
KLC 738,421,817,front-wheel,FireBrick,glazed
VFC 498,145,511,rear,Turquoise,reclining
064-DBF,796,785,front-wheel,HoneyDew,reclining
1KX 067,236,596,rear,MediumOrchid,glazed
71P 013,936,447,rear,DeepPink,glazed
122-WBVY,416,190,four-wheel,Green,covered
553-887,887,336,front-wheel,MintCream,covered
N19 8IG,487,152,rear,DeepSkyBlue,glazed
9JA 013,629,302,four-wheel,FloralWhite,glazed
MYJ 989,20,97,four-wheel,DeepPink,reclining
CAV-6249,983,434,four-wheel,Wheat,glazed
LS0 0599,165,569,front-wheel,OrangeRed,covered
288 NAF,296,571,front-wheel,Aqua,glazed
414 HOS,575,506,rear,Red,glazed
NCJ 0557,354,372,rear,Fuchsia,covered
774MQE,719,702,front-wheel,Fuchsia,glazed
447-OVVO,64,898,four-wheel,MintCream,covered
KGB 570,444,702,front-wheel,Moccasin,reclining
3N 1L5EUF,150,877,front-wheel,SlateGray,glazed
2-W3911,707,807,rear,LimeGreen,glazed
54-8201Q,813,85,rear,BlanchedAlmond,reclining
31AK1,29,323,front-wheel,Chocolate,glazed
LY8 5423,667,465,rear,LightGoldenRodYellow,reclining
851-AKN,837,80,four-wheel,RoyalBlue,glazed
Z09 5XO,199,35,rear,GoldenRod,reclining
3F J6843,16,119,front-wheel,SeaGreen,covered
0WL 360,528,500,rear,ForestGreen,glazed
ICU 562,240,554,rear,LawnGreen,reclining
1XP50,183,184,rear,DarkGoldenRod,reclining
KSZ 782,703,307,four-wheel,Teal,covered
216-LLK,454,33,rear,Ivory,covered
9TU3797,726,609,four-wheel,MintCream,covered
KNM 944,832,290,rear,DarkOliveGreen,covered
MVZ 8400,630,156,rear,Moccasin,covered
0B 8280M,650,92,four-wheel,Thistle,glazed
MOP 835,866,320,front-wheel,Turquoise,reclining
0-2820M,545,311,front-wheel,DarkRed,glazed
112-EPK,291,797,rear,DarkOrchid,glazed
940-746,379,285,rear,MidnightBlue,covered
546 BIY,594,351,four-wheel,DarkTurquoise,glazed
DFE 408,513,233,four-wheel,DarkGray,glazed
8HTI 34,402,627,four-wheel,AntiqueWhite,reclining
5S486,553,883,front-wheel,Coral,covered
VEH-860,174,399,front-wheel,DarkGreen,glazed
IKK-5402,155,95,four-wheel,Red,covered
DZX N76,734,309,front-wheel,ForestGreen,covered
02V 8201,955,253,four-wheel,BlanchedAlmond,glazed
JH-0741,323,520,front-wheel,WhiteSmoke,glazed
2574 HB,50,192,front-wheel,DarkRed,glazed
3PP 468,915,348,front-wheel,Turquoise,reclining
87-56301,379,879,four-wheel,DarkRed,covered
XY 17792,577,286,four-wheel,DarkBlue,covered
KBV 528,549,105,front-wheel,FireBrick,covered
JUN9769,399,269,four-wheel,LemonChiffon,glazed
AUA 758,869,88,front-wheel,BlueViolet,covered
OJQ-5900,731,881,four-wheel,DodgerBlue,glazed
741 0OI,253,773,front-wheel,Fuchsia,covered
LMK-566,925,947,rear,BlanchedAlmond,reclining
DXJ1923,672,165,front-wheel,Ivory,glazed
NCI 870,12,130,front-wheel,Ivory,reclining
90H B78,893,368,rear,Lime,reclining
42TM0,96,218,rear,Chartreuse,reclining
CNI 384,904,135,front-wheel,DarkSlateBlue,glazed
105877,871,977,rear,BlanchedAlmond,reclining
GSE-605,544,155,front-wheel,MediumVioletRed,glazed
567 OZO,47,2,four-wheel,MediumBlue,covered
K 921603,770,142,rear,Blue,covered
963 PZV,708,305,front-wheel,Beige,glazed
568-MRC,438,649,rear,DarkTurquoise,reclining
2MJ0408,944,552,four-wheel,Linen,glazed
LH8 S0Z,507,185,rear,BlanchedAlmond,covered
MAP 764,397,222,rear,LightGreen,glazed
724 5ZV,420,721,four-wheel,LavenderBlush,glazed
S40-XPI,11,931,rear,Sienna,glazed
313L,658,728,four-wheel,Fuchsia,reclining
662-QHO,929,746,front-wheel,Violet,reclining
LQG 544,483,862,rear,SpringGreen,covered
DPK6211,386,37,front-wheel,Violet,reclining
TUC-2584,490,995,front-wheel,Orchid,covered
9LH 950,459,249,four-wheel,Plum,reclining
057-EYVQ,187,668,rear,Salmon,glazed
0XH J36,350,297,four-wheel,PaleGoldenRod,glazed
3AP5328,549,899,four-wheel,PaleGoldenRod,covered
303-YHN,470,392,four-wheel,DarkOliveGreen,reclining
592-UYF,433,380,four-wheel,AntiqueWhite,covered
0PAI696,591,55,four-wheel,MistyRose,glazed
477-ONK,59,990,four-wheel,Salmon,covered
LQ3 6883,455,747,front-wheel,Indigo,covered
LCS 491,464,978,front-wheel,Peru,glazed
8P 33640,24,158,four-wheel,Cornsilk,reclining
4779 MM,49,100,four-wheel,Chocolate,covered
ZJX 242,74,190,front-wheel,FloralWhite,glazed
1BC O53,471,429,front-wheel,DarkSlateGray,glazed
VF 9412,142,3,four-wheel,DarkRed,covered
71-MY51,493,117,four-wheel,Cornsilk,covered
829-HRC,748,172,four-wheel,LightSlateGray,covered
RH 96175,954,110,rear,Wheat,glazed
831U4,434,205,four-wheel,DeepSkyBlue,covered
5-81191,646,677,four-wheel,SkyBlue,covered
231-ZLG,346,235,front-wheel,WhiteSmoke,covered
81D ZZ6,79,22,rear,LightYellow,covered
J94-03B,579,767,front-wheel,Orange,reclining
J04 7FF,126,363,front-wheel,DarkGray,glazed
60O-253,893,228,front-wheel,DarkOrchid,reclining
W 389247,876,862,front-wheel,Gray,reclining
046G6,298,897,rear,LightGoldenRodYellow,glazed
642 YMF,354,761,rear,MidnightBlue,reclining
91H CV3,496,537,four-wheel,MediumSeaGreen,reclining
MSR 571,202,214,four-wheel,GhostWhite,reclining
FDU-8440,723,682,front-wheel,Orchid,covered
KH 55318,469,82,front-wheel,LightSeaGreen,reclining
77T A65,292,194,rear,Tan,reclining
CWC-7812,408,467,front-wheel,AliceBlue,reclining
728 MA1,99,827,front-wheel,Wheat,covered
830239,567,688,rear,LightCoral,reclining
4D 5256B,442,299,front-wheel,HoneyDew,reclining
L 500995,416,77,front-wheel,MediumSeaGreen,covered
V15 2BA,507,379,rear,LightCoral,reclining
RQ9 S6Q,218,774,rear,DarkOliveGreen,glazed
5JBF359,706,959,four-wheel,FireBrick,reclining
3IAC418,260,830,rear,DarkTurquoise,glazed
BAU 636,991,782,four-wheel,Moccasin,glazed
OIT 973,254,506,four-wheel,DarkGreen,covered
18-89393,906,566,front-wheel,AntiqueWhite,covered
NXN-052,386,3,front-wheel,LightSeaGreen,covered
KJY 814,892,920,rear,DarkKhaki,covered
ZUV 891,699,310,front-wheel,Orchid,reclining
116 ERR,461,507,rear,DarkSlateGray,covered
9J UI201,986,928,front-wheel,WhiteSmoke,reclining
XRD2864,591,858,four-wheel,LightCyan,covered
WIQ 150,189,142,rear,PowderBlue,glazed
4YIS484,631,948,rear,LightGray,covered
RQG 079,101,359,rear,AntiqueWhite,reclining
155 4VK,329,277,rear,DarkMagenta,reclining
95-BY95,490,299,rear,PaleGreen,covered
1462 US,382,864,rear,Snow,reclining
HRW 954,808,173,rear,PapayaWhip,reclining
93H-282,331,397,four-wheel,MediumBlue,reclining
1AVJ949,753,594,front-wheel,HotPink,covered
IWD-8528,382,417,rear,Aqua,reclining
IGJ-8392,468,660,front-wheel,AntiqueWhite,covered
NQ-4915,404,835,four-wheel,LimeGreen,reclining
0530,278,296,rear,Azure,glazed
4-M2104,641,515,four-wheel,AliceBlue,glazed
89BD774,730,18,front-wheel,PaleGoldenRod,glazed
468 FNA,63,120,rear,Silver,reclining
OMS 817,659,637,rear,LightSeaGreen,covered
1XQE 47,177,183,rear,PeachPuff,covered
38A GX7,3,108,front-wheel,SkyBlue,covered
452ZP,154,415,front-wheel,DarkKhaki,glazed
122 9640,988,449,four-wheel,DarkOliveGreen,reclining
QP 39746,629,18,front-wheel,Gray,covered
R90 1FG,488,463,front-wheel,Teal,glazed
75-J476,997,205,front-wheel,Plum,glazed
XXY 280,13,213,front-wheel,Orchid,reclining
HMN 860,730,609,front-wheel,SkyBlue,reclining
033 ZQN,529,48,rear,SlateGray,glazed
UFZ L86,5,509,front-wheel,Indigo,glazed
8OQ9033,166,886,rear,Magenta,covered
299JC,531,259,front-wheel,SteelBlue,covered
698 9DR,926,960,four-wheel,RoyalBlue,glazed
KPW3360,66,228,rear,Azure,reclining
VK 40546,423,994,four-wheel,Gold,reclining
0IE 671,17,627,front-wheel,Gold,reclining
3-1536C,129,42,front-wheel,FireBrick,glazed
435JU,613,632,front-wheel,LightYellow,covered
8U 36894,865,60,rear,Brown,covered
8-97763,46,841,four-wheel,DarkViolet,covered
RP 95528,828,430,front-wheel,Thistle,reclining
4A 7M2PBQ,484,646,rear,LightSlateGray,covered
AGV 030,991,476,front-wheel,Cornsilk,covered
ZUT 007,115,477,front-wheel,DarkGreen,glazed
579W,290,172,front-wheel,DarkCyan,covered
M64 1LS,890,765,front-wheel,LightPink,covered
628 ZTQ,771,47,four-wheel,GhostWhite,reclining
116-HOD,529,45,front-wheel,LightGray,reclining
10Q T30,883,49,front-wheel,Ivory,glazed
BJF6034,53,424,rear,PeachPuff,covered
99W L10,411,968,four-wheel,Turquoise,glazed
162-UKL,172,858,front-wheel,AntiqueWhite,glazed
049-RQEP,603,818,four-wheel,Salmon,glazed
709 WTO,387,698,four-wheel,Orchid,reclining
792-836,992,948,four-wheel,SandyBrown,glazed
EUT 093,865,949,front-wheel,MediumAquaMarine,glazed
90S Z88,675,637,rear,PaleGoldenRod,covered
LCJ 962,534,32,front-wheel,MidnightBlue,glazed
DTV-873,410,868,rear,Khaki,glazed
SX 3287,445,631,front-wheel,DarkGray,covered
MPJ-038,65,390,front-wheel,PaleGreen,covered
HNI-043,407,933,rear,LightBlue,glazed
SAZ-6937,768,613,front-wheel,LightBlue,glazed
AAH-3756,454,426,four-wheel,Salmon,glazed
0Q105,774,186,rear,FireBrick,glazed
HFU 864,264,55,four-wheel,HotPink,covered
2VY2107,86,920,front-wheel,Beige,reclining
AQ9 0628,953,825,four-wheel,LightBlue,glazed
722-UVM,521,486,rear,OldLace,glazed
108-949,836,707,rear,Wheat,covered
2-R0731,578,947,front-wheel,DarkSalmon,covered
O25-20W,442,423,front-wheel,LightGray,covered
658DKT,3,259,four-wheel,MediumOrchid,reclining
JJT2111,161,508,rear,CadetBlue,covered
KKA 497,959,459,rear,DodgerBlue,glazed
8BF61,187,636,rear,Orange,covered
4-60993,276,663,front-wheel,Tomato,glazed
2GC53,931,168,front-wheel,IndianRed,glazed
253U4,978,710,front-wheel,Lime,reclining
362 KU7,345,497,rear,LightSeaGreen,covered
KYY 080,610,312,rear,FireBrick,glazed
4394,782,369,front-wheel,YellowGreen,covered
93O ME8,210,682,rear,GreenYellow,covered
ORS 703,866,626,rear,MediumPurple,glazed
1-4505R,293,390,front-wheel,SeaShell,glazed
HRO 512,820,394,rear,DimGray,reclining
MOO 475,204,773,four-wheel,Aqua,covered
YHC 615,67,270,front-wheel,HotPink,covered
W 394219,678,745,four-wheel,Bisque,covered
HK 3456,462,268,four-wheel,DarkGray,covered
7B780,997,850,front-wheel,PowderBlue,covered
5-4269Z,175,335,front-wheel,DarkSeaGreen,reclining
142 IFA,467,40,front-wheel,DarkSlateBlue,reclining
HJA-919,691,825,front-wheel,Chocolate,glazed
52N 1184,579,461,four-wheel,PeachPuff,covered
723 KLL,139,558,four-wheel,SteelBlue,reclining
LCU-9922,42,318,front-wheel,AliceBlue,reclining
MMF1323,917,967,four-wheel,MediumVioletRed,glazed
1-63472T,570,209,front-wheel,Chocolate,reclining
942 IZI,445,220,four-wheel,Silver,covered
1-81312,629,190,four-wheel,Black,covered
5-0543J,502,523,four-wheel,Chartreuse,glazed
ZSH 002,605,376,front-wheel,MediumBlue,reclining
5K002,953,156,four-wheel,RoyalBlue,reclining
MFW 934,53,591,rear,Orange,reclining
T38 7JQ,226,201,rear,SteelBlue,glazed
X41 0SZ,419,74,four-wheel,LightSkyBlue,covered
61-IS97,492,702,rear,Orchid,reclining
95-B611,86,237,rear,LightSeaGreen,glazed
502-IRZ,301,471,four-wheel,DarkGoldenRod,reclining
MOJ 307,273,174,four-wheel,DeepSkyBlue,glazed
1S185,353,822,front-wheel,RosyBrown,covered
4-Q6979,465,523,rear,MediumTurquoise,reclining
4ZQ 962,322,430,front-wheel,LightGray,glazed
602-FOY,433,598,four-wheel,PeachPuff,reclining
CGQ 500,250,2,rear,Plum,glazed
KLH 834,629,17,four-wheel,Khaki,covered
12A 0263,328,732,front-wheel,MidnightBlue,reclining
VKD 616,416,313,four-wheel,Fuchsia,reclining
FJH 445,429,28,rear,Olive,glazed
ZHB 133,332,773,rear,LimeGreen,glazed
58K E72,435,289,four-wheel,DodgerBlue,glazed
1229,296,196,front-wheel,HotPink,glazed
19ET9,541,162,front-wheel,DodgerBlue,covered
XIJ 5028,101,10,rear,Peru,glazed
8PL 940,530,933,rear,LightGreen,reclining
XFP-0022,458,206,rear,DarkSalmon,covered
PL 10386,615,603,front-wheel,AntiqueWhite,covered
293 HOC,341,174,four-wheel,LightSeaGreen,reclining
RL8 2370,794,858,rear,LightCyan,covered
522 ZXM,998,95,rear,Blue,covered
5-81439,30,981,four-wheel,LimeGreen,glazed
427 BBF,246,820,four-wheel,Ivory,glazed
L 413263,907,70,four-wheel,Cyan,covered
VJM 128,368,60,four-wheel,Chartreuse,reclining
FKH 885,524,406,front-wheel,BlueViolet,covered
OJW 718,93,90,front-wheel,DeepPink,covered
421 TVH,671,642,four-wheel,SaddleBrown,reclining
LON 552,869,969,front-wheel,Aqua,covered
4CA4732,409,474,four-wheel,DarkSlateGray,glazed
67IW4,365,87,front-wheel,LightBlue,reclining
YTO-8380,293,739,rear,Chocolate,glazed
AES-8830,227,715,rear,HoneyDew,covered
3001,515,389,front-wheel,Tomato,glazed
5719,415,30,rear,OldLace,glazed
GYQ 6363,975,312,front-wheel,BurlyWood,covered
630-NZZ,153,58,four-wheel,Ivory,reclining
7-14819,311,200,rear,SlateGray,glazed
MGK 921,694,714,four-wheel,OliveDrab,reclining
RTI-225,987,471,front-wheel,LightSlateGray,covered
EO7 2305,530,901,four-wheel,MediumSpringGreen,reclining
MQP 432,25,849,rear,SeaShell,reclining
TKJ-7108,179,699,four-wheel,MediumBlue,glazed
MTZ 242,596,45,front-wheel,PowderBlue,reclining
181JJR,552,339,four-wheel,DarkRed,covered
K54-60U,802,717,front-wheel,MediumTurquoise,glazed
3BR3018,173,186,rear,DarkKhaki,covered
964 0ZK,168,6,front-wheel,SteelBlue,glazed
AMI-907,915,737,front-wheel,LawnGreen,reclining
MOE 731,407,254,front-wheel,PowderBlue,covered
199 1171,686,542,front-wheel,OliveDrab,glazed
412 AAL,55,350,four-wheel,MintCream,reclining
3134 FG,91,571,rear,LightSlateGray,glazed
NLZ-2157,743,805,front-wheel,SeaShell,covered
837-193,503,154,rear,PapayaWhip,glazed
NVE-298,735,546,four-wheel,Maroon,covered
892RKV,660,100,rear,Lime,covered
8W 97343,455,954,four-wheel,MediumSeaGreen,covered
120 BLA,548,894,four-wheel,Chocolate,glazed
745YB,478,103,four-wheel,Cornsilk,covered
5TL V50,510,12,four-wheel,Green,glazed
948 VA2,440,577,rear,HotPink,glazed
919 DOE,737,550,front-wheel,SeaShell,glazed
VDG-8404,641,976,rear,SeaGreen,reclining
5R317,211,220,front-wheel,SlateGray,reclining
4DM6812,726,854,four-wheel,LawnGreen,covered
ERA 329,719,488,front-wheel,Cornsilk,glazed
NY 80803,935,926,four-wheel,Azure,glazed
11CL0,882,953,rear,Sienna,glazed
511 NDK,973,533,rear,LightGreen,reclining
7YV 071,412,333,four-wheel,PapayaWhip,glazed
GZU3037,807,937,front-wheel,DarkCyan,reclining
69U 8031,320,2,rear,SpringGreen,covered
501204,577,287,front-wheel,Gainsboro,reclining
VE6 A9I,869,604,front-wheel,DarkOrange,covered
994-NCJ,781,747,four-wheel,LightSteelBlue,reclining
MV 18944,666,737,rear,Orchid,glazed
878 JBE,203,254,four-wheel,Teal,glazed
RMV-3847,89,403,front-wheel,MediumOrchid,covered
3479,846,134,rear,SteelBlue,reclining
SJN1959,640,473,front-wheel,Cyan,reclining
R 363692,994,512,front-wheel,LavenderBlush,covered
93-UO51,942,749,rear,LightGoldenRodYellow,covered
3-Y2999,160,217,rear,DimGray,covered
2-68620D,876,502,rear,SandyBrown,glazed
5KJM 57,548,660,front-wheel,GoldenRod,reclining
7G174,555,722,rear,DeepSkyBlue,covered
4O 6T4UFC,371,826,front-wheel,BlanchedAlmond,glazed
KAH 877,1000,756,front-wheel,BurlyWood,glazed
8QR P31,295,290,rear,DarkSeaGreen,reclining
PF 1111,553,329,front-wheel,LightCyan,glazed
HNS-556,263,327,rear,OrangeRed,covered
IC1 G8E,676,859,four-wheel,Pink,glazed
RNR-857,743,797,four-wheel,LightGreen,covered
4MF L30,891,640,rear,DeepSkyBlue,reclining
624-FJM,411,562,front-wheel,Lime,glazed
853-IYZ,14,757,rear,SkyBlue,covered
44BA158,295,482,front-wheel,SpringGreen,reclining
SDF 349,306,434,rear,BlanchedAlmond,reclining
3TT00,131,516,front-wheel,DarkRed,reclining
PPF-1771,915,283,four-wheel,DarkSalmon,reclining
NEF 581,24,259,rear,Violet,glazed
575 OTW,220,434,front-wheel,MediumVioletRed,glazed
C47 6QG,270,18,rear,FloralWhite,reclining
03S P10,949,881,four-wheel,LightBlue,glazed
72V Q28,641,10,front-wheel,LawnGreen,covered
UEA 020,126,72,rear,Brown,reclining
MTB 671,427,212,four-wheel,MediumSlateBlue,glazed
MEN 305,885,194,rear,DarkGoldenRod,reclining
751 QVQ,630,474,four-wheel,DarkTurquoise,reclining
660 0748,974,927,four-wheel,DarkRed,reclining
276-ZLAQ,457,485,rear,DarkViolet,reclining
434 CK1,648,947,rear,PowderBlue,reclining
YVJ-585,386,833,rear,Turquoise,reclining
6054,889,394,four-wheel,LightGray,covered
5U978,197,642,rear,NavajoWhite,glazed
PKP 310,542,853,front-wheel,Wheat,glazed
815-FJCU,632,915,rear,MintCream,reclining
P78 2LD,627,823,four-wheel,Pink,reclining
95-HW75,493,392,four-wheel,SteelBlue,covered
39-NW55,563,962,front-wheel,Purple,covered
72Q KR9,28,338,four-wheel,Aquamarine,covered
G73-WZX,444,218,front-wheel,BurlyWood,covered
192 LWP,390,911,four-wheel,IndianRed,covered
686-686,127,342,rear,SkyBlue,covered
19L 534,171,704,front-wheel,DarkSalmon,reclining
241-671,865,156,front-wheel,Olive,covered
027 9QU,417,219,front-wheel,Plum,covered
5SL 894,99,795,front-wheel,LightGray,glazed
671 1CF,923,382,rear,LightSlateGray,reclining
469 OLD,410,329,rear,YellowGreen,reclining
46M 1161,353,62,front-wheel,Green,glazed
3YG 033,55,167,four-wheel,PaleVioletRed,covered
773-NJA,452,527,four-wheel,SlateGray,glazed
D76 6KG,846,428,front-wheel,DarkSlateGray,covered
499 YY6,637,979,four-wheel,DodgerBlue,covered
700 EQR,128,460,rear,DarkGoldenRod,reclining
B65-AWE,74,286,front-wheel,AliceBlue,glazed
3F R4999,284,364,front-wheel,Salmon,glazed
837SG,60,177,rear,DarkRed,reclining
KDI9491,676,762,front-wheel,PapayaWhip,glazed
WFV 402,210,479,four-wheel,Moccasin,covered
966R5,838,357,rear,DarkOrchid,reclining
EBN-4724,207,194,front-wheel,Salmon,reclining
UPC-703,891,576,four-wheel,MintCream,glazed
KLH 056,185,135,four-wheel,White,covered
GRC 827,269,810,front-wheel,Aqua,covered
32-I303,47,71,front-wheel,Linen,glazed
6WC 544,249,436,rear,MediumTurquoise,covered
7G380,484,675,front-wheel,GoldenRod,reclining
BK-2059,841,1000,rear,LightCoral,glazed
39J S26,877,471,rear,Purple,covered
XDR-5537,5,74,front-wheel,Brown,covered
1PN 244,325,117,four-wheel,LightYellow,glazed
18E HK9,836,870,four-wheel,DodgerBlue,covered
456-GDO,339,899,four-wheel,CadetBlue,reclining
SCO-3181,144,549,four-wheel,PapayaWhip,reclining
LZW 179,440,717,front-wheel,YellowGreen,reclining
41-OZ74,20,946,rear,DarkKhaki,glazed
YJW-492,722,521,front-wheel,LightYellow,covered
876 CRJ,615,791,four-wheel,AliceBlue,glazed
402 VHT,990,322,rear,DarkGray,glazed
7-53230,310,552,four-wheel,GreenYellow,covered
KMM 706,755,127,front-wheel,NavajoWhite,reclining
535UCI,560,91,rear,Chartreuse,glazed
838-KAG,149,94,four-wheel,MediumAquaMarine,glazed
QCG 514,961,773,rear,Green,covered
0360,833,345,rear,PaleVioletRed,glazed
YL8 I6P,517,739,rear,Aqua,reclining
Z04 5GO,553,269,front-wheel,DarkBlue,reclining
HDC 4146,66,149,four-wheel,Red,reclining
227-CQL,982,933,rear,CornflowerBlue,covered
WLA O48,437,10,four-wheel,Tomato,reclining
DXC5159,50,465,four-wheel,WhiteSmoke,reclining
UQS 501,872,526,four-wheel,Brown,reclining
7941,42,564,four-wheel,Gold,reclining
70K K60,331,28,rear,HoneyDew,reclining
259-DFY,567,847,rear,LightYellow,glazed
BMJ 396,32,270,front-wheel,DarkMagenta,glazed
R 602431,700,849,front-wheel,White,covered
208-RNZR,365,23,front-wheel,MediumOrchid,reclining
QFC0556,394,633,rear,OliveDrab,glazed
QBT 969,155,289,rear,BlanchedAlmond,reclining
LWI 528,167,419,front-wheel,HotPink,reclining
QU-0254,141,208,four-wheel,AliceBlue,covered
ALO-6841,743,516,rear,Fuchsia,reclining
TOD-2240,296,197,front-wheel,DarkSeaGreen,covered
0-84681N,576,154,rear,LightGreen,reclining
39R 1831,702,479,front-wheel,DarkSlateGray,glazed
98B 064,58,438,four-wheel,Khaki,reclining
077 MJT,269,587,front-wheel,BurlyWood,glazed
3NP 866,489,174,rear,Yellow,reclining
P55-NUC,939,892,four-wheel,LightCyan,covered
MHQ 966,156,609,four-wheel,Maroon,reclining
LPU 201,547,557,rear,ForestGreen,glazed
3411,901,862,front-wheel,CadetBlue,covered
876G1,635,174,front-wheel,DimGray,glazed
20W EZ2,240,241,four-wheel,LightBlue,reclining
SWY 426,775,133,four-wheel,DimGray,covered
28C RG9,702,966,rear,Bisque,covered
947YMA,691,158,front-wheel,BlueViolet,covered
279QF,433,758,rear,DimGray,covered
909 LX7,422,279,four-wheel,LemonChiffon,glazed
AH9 N7R,870,665,front-wheel,Magenta,reclining
8AN 822,870,138,four-wheel,DeepSkyBlue,glazed
970 MZQ,465,294,four-wheel,Chocolate,covered
81-6379S,376,169,four-wheel,DarkOliveGreen,covered
612 6NK,87,513,front-wheel,LightCyan,glazed
MNL 770,158,31,four-wheel,DeepSkyBlue,reclining
572 5165,915,671,rear,DarkSlateGray,glazed
4YI4792,14,80,front-wheel,Snow,reclining
55-HW42,678,836,four-wheel,Bisque,glazed
H43-SQP,51,437,four-wheel,LemonChiffon,glazed
7NX46,493,369,four-wheel,Green,glazed
5D OO162,713,948,rear,PaleGreen,covered
656A,628,959,four-wheel,SpringGreen,reclining
AYH 146,181,271,front-wheel,FireBrick,glazed
66C T46,223,251,four-wheel,SkyBlue,glazed
7T 06425,309,77,four-wheel,Red,covered
E59 9II,729,702,front-wheel,PeachPuff,covered
5I ZY627,505,999,rear,FireBrick,covered
73A 247,902,810,front-wheel,Purple,reclining
LDQ-4020,848,570,front-wheel,Cornsilk,covered
475H,592,578,rear,Pink,glazed
6I C8318,41,827,front-wheel,LavenderBlush,reclining
8Z E6627,334,396,rear,Salmon,glazed
LVK 286,488,575,rear,Snow,reclining
484 4252,28,968,rear,LightGray,covered
377 UYU,672,583,rear,DarkGray,reclining
9R PT557,275,551,front-wheel,SeaGreen,reclining
V61 2JW,577,712,front-wheel,Snow,glazed
IM-6662,460,867,rear,Coral,covered
1YR 397,451,913,rear,BlueViolet,reclining
6XV 010,193,763,front-wheel,LemonChiffon,glazed
879-BNYY,336,561,rear,DarkOrchid,reclining
IQW 5740,567,233,front-wheel,Tan,glazed
5AT O16,919,665,rear,OrangeRed,glazed
85-U405,266,329,rear,Red,reclining
QGN-8177,51,256,rear,Brown,reclining
ATO-931,197,236,four-wheel,BurlyWood,reclining
V55-NBG,731,61,front-wheel,PeachPuff,reclining
416-NNI,648,92,front-wheel,Tan,reclining
HNO 730,782,297,rear,Red,reclining
245-SEM,979,9,four-wheel,AntiqueWhite,glazed
ESP1548,900,623,front-wheel,Azure,reclining
2RF 637,806,935,front-wheel,BlanchedAlmond,glazed
1JV 877,289,421,four-wheel,Purple,reclining
39-L725,502,468,rear,Aquamarine,glazed
05N H54,202,83,four-wheel,LimeGreen,covered
348PHJ,888,935,front-wheel,DarkKhaki,reclining
534-DYH,972,367,rear,Green,reclining
04QA780,201,20,front-wheel,PowderBlue,glazed
1897,459,617,front-wheel,Tan,glazed
LXC 083,777,851,rear,MediumSpringGreen,covered
MRA E76,856,780,rear,Bisque,reclining
CGL1296,319,559,four-wheel,NavajoWhite,reclining
10R-415,80,83,four-wheel,DarkGoldenRod,reclining
HGY 046,951,623,front-wheel,Black,reclining
397 PXM,135,491,front-wheel,HoneyDew,covered
EQ3 R5S,787,721,front-wheel,PowderBlue,glazed
BQN-9187,141,596,four-wheel,MistyRose,covered
0-98168Q,785,919,front-wheel,RoyalBlue,glazed
UAK-3310,612,367,front-wheel,OrangeRed,glazed
14R 3913,741,130,front-wheel,MidnightBlue,glazed
752 SNI,570,263,rear,Yellow,glazed
RXU 765,319,419,rear,Blue,covered
27S I24,946,313,four-wheel,Indigo,covered
ZWT5570,153,23,four-wheel,FireBrick,covered
634 WIU,632,801,front-wheel,MediumAquaMarine,glazed
8QG92,26,755,front-wheel,FireBrick,reclining
768 FPK,632,308,four-wheel,Gray,glazed
AKS-0535,334,572,four-wheel,Pink,covered
K80 6NE,505,376,four-wheel,MediumSlateBlue,covered
AHL-954,21,364,rear,DeepPink,covered
2NE56,474,111,four-wheel,OldLace,glazed
TRT 304,461,933,rear,DarkGoldenRod,reclining
6IM6780,753,583,four-wheel,GhostWhite,glazed
629S3,846,459,front-wheel,Bisque,reclining
1SU4482,776,279,four-wheel,DarkOrchid,reclining
KBA 269,90,800,rear,Fuchsia,covered
026 NQI,190,435,front-wheel,OrangeRed,covered
MVD-7764,201,979,rear,Indigo,reclining
JSR-2241,266,260,rear,Chocolate,glazed
V02 8TH,988,589,rear,LightGoldenRodYellow,glazed
300 NXZ,233,531,rear,BlueViolet,reclining
1HY T64,166,24,front-wheel,Coral,covered
TWR-493,999,812,four-wheel,PaleGreen,glazed
XNB-219,123,590,rear,Pink,covered
XBF-208,217,194,front-wheel,Thistle,covered
WGC 958,648,587,four-wheel,IndianRed,glazed
8RQ D35,55,239,four-wheel,Tomato,glazed
ZIA 340,162,12,rear,DarkOrchid,covered
LTW 378,218,177,rear,MediumTurquoise,covered
0-54236,968,221,front-wheel,CornflowerBlue,glazed
716HQQ,631,64,rear,MintCream,covered
0-39707L,963,773,rear,LightCyan,covered
7O068,452,968,rear,LightYellow,covered
9WRI610,524,687,four-wheel,LemonChiffon,glazed
121-ZHV,55,584,rear,DarkSalmon,covered
67F B86,342,500,rear,Olive,reclining
300116,226,837,front-wheel,LightSlateGray,reclining
7-12538,19,950,four-wheel,DarkViolet,reclining
EFZ-665,437,412,four-wheel,Brown,covered
964 ERE,204,29,four-wheel,Fuchsia,reclining
450 LUG,966,131,rear,MediumPurple,covered
5BZU448,105,753,rear,DimGray,glazed
WUF-577,196,951,four-wheel,Thistle,glazed
Y12-67O,949,735,front-wheel,Yellow,covered
821MD,107,875,rear,SandyBrown,glazed
ZGZ F14,967,815,rear,DarkBlue,reclining
432LS,143,258,four-wheel,White,glazed
828937,437,506,front-wheel,YellowGreen,glazed
03-LT42,134,153,four-wheel,Gray,glazed
165 KSY,842,677,four-wheel,Moccasin,covered
PSP 594,321,122,front-wheel,DarkBlue,reclining
KGR 208,604,29,four-wheel,SandyBrown,covered
QSU 605,405,878,four-wheel,AntiqueWhite,covered
VBQ 312,898,927,front-wheel,LightGoldenRodYellow,glazed
22-K930,385,332,front-wheel,Chocolate,covered
MUK-4094,962,177,rear,DodgerBlue,glazed
3X T6494,916,128,rear,Violet,covered
A27 0WV,856,790,four-wheel,DarkSlateGray,reclining
2673,708,324,four-wheel,DarkRed,reclining
0XE 600,252,624,front-wheel,LightSeaGreen,glazed
OA 3318,124,131,four-wheel,SandyBrown,covered
R41-FDY,114,908,four-wheel,Salmon,glazed
2R 4G9LSF,451,14,rear,SaddleBrown,reclining
9WT H40,154,648,rear,Coral,covered
2A 3940I,882,284,front-wheel,Azure,glazed
3-4423J,374,609,front-wheel,Tomato,covered
NS7 1481,794,666,rear,FireBrick,covered
E64 6QP,98,73,rear,Red,glazed
012SDL,39,670,front-wheel,Pink,reclining
T27 7ER,424,975,rear,Turquoise,reclining
02-WM10,393,323,front-wheel,Black,reclining
KPL D98,462,130,four-wheel,DarkBlue,reclining
5T CH488,285,858,front-wheel,Green,reclining
OTL-3488,993,521,rear,Indigo,reclining
ZJP 426,656,217,front-wheel,SeaShell,covered
CBD 011,564,688,rear,DarkKhaki,glazed
XS5 W8Q,194,686,four-wheel,Aquamarine,reclining
766 2TM,320,124,four-wheel,Yellow,reclining
6904 KW,224,562,four-wheel,Bisque,reclining
2RB 355,463,650,front-wheel,Fuchsia,reclining
JPM3554,34,846,front-wheel,MidnightBlue,glazed
7AW26,210,172,front-wheel,OrangeRed,glazed
8P598,805,549,four-wheel,LightGreen,glazed
9YJ G17,830,983,front-wheel,Chartreuse,glazed
874 SXY,764,341,four-wheel,LightYellow,glazed
5PH 011,463,930,four-wheel,SeaShell,glazed
9256 OL,24,196,four-wheel,DarkSlateGray,covered
3VU 938,774,387,rear,SaddleBrown,covered
448 RPJ,512,244,front-wheel,DarkKhaki,glazed
1TFO 06,549,101,rear,Peru,covered
QIX2134,529,635,front-wheel,Green,glazed
0674 IL,584,497,front-wheel,LightSkyBlue,glazed
6TM 163,42,114,rear,LightGreen,reclining
057 JJT,306,487,front-wheel,OrangeRed,reclining
458 ZWN,877,36,rear,BurlyWood,glazed
19W 831,214,272,front-wheel,Orange,covered
ZOL 234,860,827,front-wheel,LightCoral,covered
NSE-4080,919,232,four-wheel,MediumSpringGreen,glazed
734-NWH,254,497,four-wheel,WhiteSmoke,reclining
ZFC 438,858,334,four-wheel,Olive,covered
2S T5001,704,54,front-wheel,DarkTurquoise,reclining
7JPW210,884,821,rear,Aqua,covered
XKB 126,788,629,front-wheel,LightCoral,reclining
581-761,582,392,rear,LightCoral,covered
PKI 174,992,684,rear,Orange,glazed
FWG 617,354,537,rear,DarkOrange,covered
3Y 14507,829,708,front-wheel,DeepPink,covered
649-QIU,76,499,four-wheel,Red,glazed
070 7YR,348,494,four-wheel,SaddleBrown,glazed
465-NWWN,762,180,four-wheel,Violet,covered
86-0423A,154,573,rear,Gold,covered
8384 CY,209,263,four-wheel,DeepPink,reclining
ZVI 351,107,609,rear,Khaki,covered
P60 2CT,755,386,front-wheel,SteelBlue,glazed
SLX-7088,110,125,four-wheel,DarkGoldenRod,glazed
853 1NM,898,945,rear,Bisque,glazed
898I,731,995,front-wheel,DarkSeaGreen,covered
KLF 592,768,280,four-wheel,Azure,glazed
53C 909,681,868,front-wheel,ForestGreen,glazed
524-WVV,49,885,rear,Blue,glazed
6GO07,963,761,rear,Lavender,reclining
9K 71220,650,701,front-wheel,Snow,reclining
691K8,168,975,rear,LightSalmon,glazed
JHJ-064,846,991,four-wheel,FloralWhite,glazed
T 669478,694,445,rear,DarkGoldenRod,glazed
2BC 202,547,397,rear,DarkRed,covered
619 PNU,633,619,front-wheel,LightBlue,reclining
0XB 461,998,264,rear,MintCream,covered
0HG O24,435,993,rear,Cornsilk,glazed
FJC 2028,70,231,rear,DarkCyan,glazed
GMW-081,427,465,front-wheel,LightSlateGray,reclining
434 AYE,868,319,front-wheel,MediumPurple,reclining
9NQ9549,336,689,four-wheel,DeepPink,glazed
ZSR 847,458,146,front-wheel,Magenta,glazed
MMS-060,485,118,rear,Indigo,covered
096A,344,776,front-wheel,Brown,covered
29J-394,195,37,front-wheel,BlanchedAlmond,glazed
79T-760,985,64,four-wheel,SpringGreen,glazed
DQR-3854,721,275,four-wheel,OldLace,glazed
117XMR,375,542,rear,DarkOliveGreen,reclining
177-ZXA,473,660,four-wheel,MistyRose,reclining
NVL-9764,881,808,rear,Silver,glazed
5E R8002,670,568,four-wheel,DarkSalmon,reclining
3Y KL139,677,960,rear,Aquamarine,reclining
406 LLM,746,574,four-wheel,DarkGoldenRod,reclining
09V S42,524,436,four-wheel,Coral,reclining
504 5OQ,761,100,rear,MediumPurple,glazed
HSM-4424,809,600,rear,Purple,glazed
552-YMJ,402,246,four-wheel,LightSteelBlue,glazed
1OH17,5,859,rear,Navy,reclining
LFA 786,927,706,front-wheel,OrangeRed,covered
H47-72K,80,583,front-wheel,WhiteSmoke,reclining
6P P8633,870,875,four-wheel,LimeGreen,covered
299-RWI,231,572,front-wheel,Lavender,covered
565 GWJ,796,953,four-wheel,OldLace,reclining
636-243,711,434,rear,LightPink,reclining
3H 94869,613,947,four-wheel,Chartreuse,reclining
648 NRW,131,970,four-wheel,DarkSalmon,reclining
044 DTV,305,662,front-wheel,Wheat,covered
WLT-2347,283,495,front-wheel,Linen,reclining
718UO,847,641,rear,SkyBlue,glazed
ALL 2459,673,471,rear,Brown,glazed
0NSF 14,12,607,front-wheel,Tomato,covered
36-60096,245,78,four-wheel,LightSkyBlue,glazed
CVF9542,896,338,four-wheel,LightSalmon,glazed
BEC0459,157,940,rear,DarkCyan,covered
6PAG268,446,734,front-wheel,Aquamarine,covered
UPK 775,751,395,rear,IndianRed,covered
757116,372,785,four-wheel,White,glazed
25W WC7,989,982,rear,Lavender,glazed
309349,741,701,four-wheel,OliveDrab,reclining
685 WXN,222,635,rear,DarkTurquoise,glazed
20L W18,367,799,front-wheel,PapayaWhip,glazed
158 XHH,424,62,four-wheel,DarkSlateBlue,reclining
21-1191H,948,843,front-wheel,YellowGreen,glazed
315-BXQ,751,927,rear,SaddleBrown,glazed
061ZD,409,592,front-wheel,ForestGreen,glazed
305 OXT,958,222,four-wheel,Fuchsia,reclining
X06 5CF,620,812,front-wheel,Chocolate,reclining
